team,targeted_productivity,smv,wip,over_time,incentive,idle_time,idle_men,no_of_style_change,no_of_workers,month,quarter_Quarter1,quarter_Quarter2,quarter_Quarter3,quarter_Quarter4,quarter_Quarter5,department_finishing,department_finishing ,department_sweing,day_Monday,day_Saturday,day_Sunday,day_Thursday,day_Tuesday,day_Wednesday,actual_productivity
9,0.75,3.94,,960,0,0,0,0,8,2,1,0,0,0,0,1,0,0,0,0,0,0,0,1,0.755166667
7,0.65,30.1,909,7080,0,0,0,1,59,2,0,1,0,0,0,0,0,1,0,0,0,1,0,0,0.5356779660000001
3,0.8,4.15,,1440,0,0,0,0,7,1,0,1,0,0,0,0,1,0,0,0,0,0,0,1,0.8208333329999999
1,0.65,22.53,762,5040,0,0,0,1,42,2,0,0,0,1,0,0,0,1,0,0,0,0,0,1,0.581130952
4,0.7,30.1,767,3300,50,0,0,1,57,2,0,1,0,0,0,0,0,1,1,0,0,0,0,0,0.7900032359999999
3,0.75,4.15,,1920,0,0,0,0,8,1,1,0,0,0,0,0,1,0,1,0,0,0,0,0,0.875390625
3,0.8,19.87,924,9900,50,0,0,0,55,1,1,0,0,0,0,0,0,1,0,0,0,0,0,1,0.8002738290000001
6,0.7,2.9,,960,0,0,0,0,8,2,1,0,0,0,0,1,0,0,0,0,0,1,0,0,0.9425
9,0.8,22.52,1086,6960,50,0,0,0,58,2,1,0,0,0,0,0,0,1,0,0,0,0,0,1,0.7999632179999999
12,0.8,15.26,900,4080,50,0,0,0,34,2,0,1,0,0,0,0,0,1,0,0,0,0,1,0,0.8004019609999999
3,0.8,4.6,,6300,0,0,0,0,15,2,0,0,0,1,0,1,0,0,0,1,0,0,0,0,0.921703704
8,0.75,29.4,534,6840,56,0,0,0,57,3,1,0,0,0,0,0,0,1,0,0,0,0,1,0,0.750473684
7,0.35,22.94,1450,10080,30,0,0,0,56,1,0,0,1,0,0,0,0,1,0,0,0,0,1,0,0.40033279200000005
12,0.8,15.26,854,4080,50,0,0,0,34,2,0,1,0,0,0,0,0,1,0,0,0,0,0,1,0.8004019609999999
9,0.8,29.12,1069,6960,50,0,0,0,58,2,1,0,0,0,0,0,0,1,0,0,0,1,0,0,0.7999632179999999
8,0.8,2.9,,4800,0,0,0,0,8,1,0,0,0,1,0,0,1,0,0,0,0,1,0,0,0.39774305600000004
12,0.8,15.26,1021,4080,63,0,0,0,34,2,1,0,0,0,0,0,0,1,0,1,0,0,0,0,0.8004019609999999
8,0.8,2.9,,1440,0,0,0,0,8,1,1,0,0,0,0,0,1,0,0,0,0,0,1,0,0.681060606
4,0.7,30.1,667,5940,40,0,0,1,59.5,2,0,1,0,0,0,0,0,1,0,0,0,0,0,1,0.7005884059999999
2,0.65,16.1,626,4200,0,0,0,1,45,3,1,0,0,0,0,0,0,1,0,1,0,0,0,0,0.65024031
11,0.8,11.41,968,3660,50,0,0,0,30.5,1,1,0,0,0,0,0,0,1,0,0,0,1,0,0,0.8005704920000001
7,0.7,4.15,,1800,0,0,0,0,15,2,0,0,1,0,0,1,0,0,1,0,0,0,0,0,0.258
4,0.8,22.52,1472,7020,60,0,0,0,58.5,2,1,0,0,0,0,0,0,1,0,0,1,0,0,0,0.85011396
5,0.7,4.15,,1440,0,0,0,0,8,1,0,0,1,0,0,0,1,0,0,0,0,0,1,0,1.033570076
6,0.8,11.61,1009,5640,63,0,0,0,32,1,0,0,0,1,0,0,0,1,0,1,0,0,0,0,0.800537143
1,0.8,22.52,1498,0,113,0,0,0,57,2,0,1,0,0,0,0,0,1,0,0,0,0,0,1,1.000065789
8,0.8,2.9,,1440,0,0,0,0,8,1,0,0,1,0,0,0,1,0,0,0,0,1,0,0,0.606912879
3,0.8,29.4,983,6840,63,0,0,1,57,3,1,0,0,0,0,0,0,1,0,1,0,0,0,0,0.800578947
10,0.8,22.52,1282,6720,75,0,0,0,56,2,1,0,0,0,0,0,0,1,0,0,1,0,0,0,0.850532143
6,0.8,11.61,972,5670,38,0,0,0,31.5,1,0,1,0,0,0,0,0,1,0,0,0,0,0,1,0.8002467529999999
10,0.7,2.9,,1800,0,0,0,0,15,2,0,0,0,1,0,1,0,0,0,0,0,0,1,0,0.902222222
12,0.8,26.87,585,5670,56,0,0,0,31.5,1,0,0,1,0,0,0,0,1,0,0,1,0,0,0,0.662255892
10,0.75,28.08,1209,10530,45,0,0,0,58.5,1,1,0,0,0,0,0,0,1,0,0,0,0,1,0,0.750545455
6,0.8,11.61,712,7200,50,0,0,0,32,1,1,0,0,0,0,0,0,1,1,0,0,0,0,0,0.8002460109999999
3,0.5,5.13,,1800,0,0,0,0,15,2,0,0,1,0,0,1,0,0,0,0,0,0,1,0,0.7866
10,0.7,21.25,1834,6360,0,0,0,1,53,2,0,0,0,1,0,0,0,1,0,0,0,0,1,0,0.471108491
7,0.65,30.48,935,6840,26,0,0,1,57,3,0,1,0,0,0,0,0,1,0,0,0,0,0,1,0.650596491
9,0.8,26.16,1128,10620,63,0,0,0,59,1,0,0,1,0,0,0,0,1,0,1,0,0,0,0,0.8001171029999999
10,0.8,3.94,,1440,0,0,0,0,8,1,0,1,0,0,0,0,1,0,0,1,0,0,0,0,0.846950758
7,0.7,5.13,,960,0,0,0,0,8,2,0,0,1,0,0,1,0,0,0,0,0,0,0,1,0.671875
3,0.8,29.4,1231,4680,50,0,0,0,57,3,1,0,0,0,0,0,0,1,1,0,0,0,0,0,0.800149813
9,0.75,2.9,,960,0,0,0,0,8,2,0,0,0,1,0,1,0,0,0,0,0,1,0,0,0.4078125
1,0.8,3.94,,1440,0,0,0,0,12,2,0,1,0,0,0,1,0,0,0,0,0,1,0,0,0.664875
2,0.75,22.52,1635,6840,119,0,0,0,57,1,0,0,0,1,0,0,0,1,0,0,0,0,1,0,1.000230409
6,0.8,2.9,,960,0,0,0,0,8,2,0,1,0,0,0,1,0,0,0,1,0,0,0,0,0.483333333
9,0.8,3.94,,1440,0,0,0,0,8,1,0,1,0,0,0,0,1,0,1,0,0,0,0,0,0.8581439390000001
12,0.8,11.61,1039,5670,63,0,0,0,31.5,1,0,0,1,0,0,0,0,1,0,1,0,0,0,0,0.8002467529999999
12,0.8,4.6,,0,1080,0,0,0,9,3,0,1,0,0,0,1,0,0,1,0,0,0,0,0,0.902962963
1,0.75,3.94,,960,0,0,0,0,8,1,1,0,0,0,0,0,1,0,0,0,0,1,0,0,0.8865
2,0.8,3.94,,960,0,0,0,0,8,2,0,0,1,0,0,1,0,0,0,0,1,0,0,0,1.108125
11,0.5,20.1,1413,5880,46,0,0,0,54,1,0,0,0,1,0,0,0,1,0,0,0,0,0,1,0.5005673079999999
4,0.75,3.94,,1920,0,0,0,0,8,3,0,1,0,0,0,1,0,0,0,0,0,0,0,1,0.8133090279999999
8,0.7,29.4,847,6960,30,0,0,1,58,2,0,0,0,1,0,0,0,1,0,0,0,0,0,1,0.7003620690000001
3,0.8,4.15,,1620,0,0,0,0,9,1,0,1,0,0,0,0,1,0,0,0,0,0,1,0,0.901262626
6,0.7,2.9,,960,0,0,0,0,8,2,1,0,0,0,0,1,0,0,0,0,0,0,0,1,0.531666667
6,0.8,2.9,,1440,0,0,0,0,8,1,0,1,0,0,0,0,1,0,1,0,0,0,0,0,0.8174242420000001
4,0.75,30.1,849,7020,45,0,0,1,58,2,0,0,1,0,0,0,0,1,0,0,0,0,1,0,0.750356125
9,0.75,2.9,,1800,0,0,0,0,15,3,0,1,0,0,0,1,0,0,0,0,0,0,1,0,0.821666667
8,0.8,25.9,1292,10170,50,0,0,0,56.5,1,0,0,1,0,0,0,0,1,0,1,0,0,0,0,0.800128721
5,0.7,27.48,230,6960,40,0,0,0,58,3,1,0,0,0,0,0,0,1,0,0,0,1,0,0,0.7004241379999999
6,0.8,11.41,986,5490,50,0,0,0,30.5,1,1,0,0,0,0,0,0,1,0,0,0,0,0,1,0.8003437659999999
5,0.7,4.15,,9000,0,0,0,0,15,1,0,0,0,1,0,0,1,0,0,0,0,1,0,0,0.742901235
9,0.7,29.12,1143,10440,40,0,0,0,58,1,0,0,0,1,0,0,0,1,1,0,0,0,0,0,0.70061442
1,0.8,26.16,1179,10620,75,0,0,0,59,1,1,0,0,0,0,0,0,1,0,0,0,0,0,1,0.850502311
9,0.7,29.12,1294,6960,50,0,0,0,58,1,0,0,0,1,0,0,0,1,0,0,0,0,1,0,0.700386207
7,0.8,25.9,1066,10170,50,0,0,0,56.5,1,1,0,0,0,0,0,0,1,0,0,0,0,0,1,0.800128721
2,0.8,22.52,1413,360,70,0,0,0,57,2,0,1,0,0,0,0,0,1,1,0,0,0,0,0,0.900477825
11,0.8,2.9,,960,0,0,0,0,8,3,1,0,0,0,0,1,0,0,0,1,0,0,0,0,0.657083333
7,0.8,25.9,1031,10170,60,0,0,0,56.5,1,0,1,0,0,0,0,0,1,1,0,0,0,0,0,0.850136766
4,0.75,26.82,1054,7080,45,0,0,0,59,3,0,1,0,0,0,0,0,1,0,0,0,0,0,1,0.750050847
7,0.8,25.9,1281,10170,60,0,0,0,56.5,1,0,0,1,0,0,0,0,1,0,0,0,1,0,0,0.850136766
7,0.7,4.15,,1800,0,0,0,0,15,2,0,1,0,0,0,1,0,0,0,1,0,0,0,0,0.929277778
9,0.7,18.79,1641,6000,40,0,0,1,50,2,0,0,0,1,0,0,0,1,1,0,0,0,0,0,0.60128
7,0.6,3.94,,960,0,0,0,0,8,1,0,0,0,1,0,0,1,0,0,0,0,0,0,1,0.40635416700000004
1,0.8,3.94,,1440,0,0,0,0,12,2,0,1,0,0,0,1,0,0,0,0,0,0,0,1,0.618361111
8,0.8,26.16,1261,7080,50,0,0,0,59,1,1,0,0,0,0,0,0,1,0,1,0,0,0,0,0.8003186440000001
9,0.75,18.79,1226,3480,45,0,0,0,51,3,1,0,0,0,0,0,0,1,0,1,0,0,0,0,0.749987124
11,0.8,3.94,,2400,0,0,0,0,10,1,1,0,0,0,0,0,1,0,1,0,0,0,0,0,0.9395138890000001
3,0.8,22.52,1350,6840,113,0,0,0,57,1,0,0,0,1,0,0,0,1,0,0,0,0,0,1,1.000230409
3,0.6,22.52,1140,10170,30,0,0,0,56.5,1,0,0,1,0,0,0,0,1,0,1,0,0,0,0,0.600291767
2,0.7,3.9,,960,0,0,0,0,8,2,0,0,0,1,0,1,0,0,0,0,0,0,0,1,0.440375
12,0.8,15.26,1062,4080,50,0,0,0,34,2,0,0,0,1,0,0,0,1,0,0,0,0,1,0,0.8004019609999999
3,0.5,30.1,1261,6960,30,0,0,1,58,2,0,1,0,0,0,0,0,1,0,1,0,0,0,0,0.500801724
4,0.7,26.82,1195,6960,60,0,0,0,58,3,1,0,0,0,0,0,0,1,0,1,0,0,0,0,0.800746552
1,0.7,3.94,,960,0,0,0,0,8,3,1,0,0,0,0,1,0,0,0,0,0,1,0,0,0.812625
11,0.8,2.9,,960,0,0,0,0,8,3,0,1,0,0,0,1,0,0,0,0,1,0,0,0,0.755208333
12,0.8,11.61,1216,6975,50,0,0,0,31,1,1,0,0,0,0,0,0,1,0,0,1,0,0,0,0.800030199
1,0.8,22.52,1546,0,88,0,0,0,57,2,0,1,0,0,0,0,0,1,0,0,0,0,1,0,0.90047076
2,0.75,3.94,,960,0,0,0,0,8,1,1,0,0,0,0,0,1,0,0,0,0,1,0,0,0.755166667
12,0.8,15.26,970,4080,63,0,0,0,34,2,0,1,0,0,0,0,0,1,1,0,0,0,0,0,0.8004019609999999
6,0.7,2.9,,960,0,0,0,0,8,2,1,0,0,0,0,0,1,0,0,0,0,0,1,0,0.49541666700000003
1,0.65,3.94,,2400,0,0,0,0,8,1,0,0,1,0,0,0,1,0,0,0,0,0,0,1,0.505128205
6,0.75,18.79,759,3960,34,0,0,0,33,2,0,0,1,0,0,0,0,1,0,0,0,0,0,1,0.75065101
3,0.7,22.52,1095,10170,50,0,0,0,56.5,1,0,0,1,0,0,0,0,1,1,0,0,0,0,0,0.750062751
11,0.75,11.61,698,3360,34,0,0,2,57,2,0,0,0,1,0,0,0,1,0,0,0,0,1,0,0.7504372690000001
4,0.8,3.94,,4440,0,0,0,0,18,1,1,0,0,0,0,0,1,0,0,0,0,0,1,0,0.966781346
10,0.75,21.82,1499,6000,34,0,0,0,50,3,0,1,0,0,0,0,0,1,0,0,0,0,1,0,0.7506079999999999
12,0.75,4.08,,1080,0,0,0,0,9,1,0,0,0,1,0,0,1,0,0,0,0,0,0,1,0.7555555559999999
2,0.6,15.28,529,1320,0,0,0,1,46,3,1,0,0,0,0,0,0,1,0,0,0,1,0,0,0.600099145
9,0.8,3.94,,960,0,0,0,0,8,2,0,1,0,0,0,1,0,0,0,0,1,0,0,0,0.6074166670000001
1,0.8,3.94,,960,0,0,0,0,8,1,1,0,0,0,0,0,1,0,0,0,1,0,0,0,0.915229167
3,0.75,3.94,,1440,0,0,0,0,12,1,0,0,0,1,0,0,1,0,0,0,0,0,1,0,0.861875
8,0.8,2.9,,1440,0,0,0,0,8,1,0,1,0,0,0,0,1,0,0,0,0,1,0,0,0.735984848
2,0.7,30.33,361,3960,30,0,0,1,58,2,0,0,0,1,0,0,0,1,0,0,0,0,0,1,0.700069811
2,0.8,3.94,,2160,0,0,0,0,18,2,0,1,0,0,0,1,0,0,0,0,1,0,0,0,0.8755555559999999
6,0.75,18.79,913,3360,45,0,0,0,33,2,0,0,0,1,0,0,0,1,0,0,0,0,1,0,0.75065101
12,0.8,11.41,968,3660,50,0,0,0,30.5,1,1,0,0,0,0,0,0,1,0,0,0,1,0,0,0.8005704920000001
3,0.8,22.52,21266,6840,70,0,0,0,57,2,1,0,0,0,0,0,0,1,1,0,0,0,0,0,0.90014152
6,0.5,2.9,,1200,0,0,0,0,10,1,0,0,0,0,1,0,1,0,0,0,0,1,0,0,0.899
12,0.7,15.26,1337,6120,40,0,0,0,34,1,0,0,0,1,0,0,0,1,1,0,0,0,0,0,0.70043672
5,0.75,20.4,1118,10320,56,0,0,0,58,1,0,0,0,1,0,0,0,1,1,0,0,0,0,0,0.750031447
12,0.8,11.61,1120,5670,50,0,0,0,31.5,1,1,0,0,0,0,0,0,1,0,0,0,0,0,1,0.8002467529999999
11,0.8,11.61,816,2820,50,0,0,2,57,2,0,0,0,1,0,0,0,1,0,0,0,1,0,0,0.800516667
11,0.8,2.9,,960,0,0,0,0,8,3,0,1,0,0,0,1,0,0,0,0,0,0,1,0,0.758229167
8,0.7,29.12,1248,6840,0,0,0,0,57,2,1,0,0,0,0,0,0,1,0,0,0,0,0,1,0.700135088
3,0.8,4.6,,10500,0,0,0,0,25,3,1,0,0,0,0,1,0,0,0,0,1,0,0,0,0.936355556
2,0.8,3.94,,2160,0,0,0,0,18,2,0,1,0,0,0,1,0,0,0,0,0,0,1,0,0.966759259
2,0.8,3.94,,1200,0,0,0,0,10,2,1,0,0,0,0,0,1,0,0,0,1,0,0,0,0.912766667
8,0.8,25.9,1039,6780,45,0,0,0,56.5,1,1,0,0,0,0,0,0,1,0,0,1,0,0,0,0.8503451329999999
3,0.8,4.6,,10080,0,0,0,0,24,3,1,0,0,0,0,1,0,0,1,0,0,0,0,0,0.86037037
10,0.7,21.82,1653,6240,0,0,0,2,52,2,0,0,0,1,0,0,0,1,0,0,0,0,0,1,0.700058333
11,0.7,11.41,1054,3420,30,0,0,2,56,2,0,0,1,0,0,0,0,1,0,0,0,0,1,0,0.700614035
12,0.8,4.08,,1080,0,0,0,0,9,2,1,0,0,0,0,1,0,0,0,0,0,1,0,0,0.906666667
3,0.8,4.6,,1920,0,0,0,0,8,3,0,1,0,0,0,1,0,0,0,0,0,0,0,1,0.786631944
12,0.8,4.08,,1080,0,0,0,0,9,2,1,0,0,0,0,0,1,0,0,0,0,0,1,0,0.778222222
11,0.65,20.1,1417,6480,49,0,0,0,54,1,0,0,0,0,1,0,0,1,0,1,0,0,0,0,0.650148148
1,0.5,26.66,1448,6840,30,0,0,2,57,2,0,0,0,1,0,0,0,1,0,1,0,0,0,0,0.5503497079999999
5,0.7,45.67,884,6960,26,0,0,0,58,1,1,0,0,0,0,0,0,1,0,0,1,0,0,0,0.603432184
7,0.07,24.26,1608,6960,0,0,0,0,58,2,1,0,0,0,0,0,0,1,0,0,0,1,0,0,0.522844828
12,0.8,5.13,,2160,0,0,0,0,9,2,0,0,1,0,0,1,0,0,0,0,0,1,0,0,0.609583333
11,0.7,20.1,1192,6120,75,0,0,0,54,2,1,0,0,0,0,0,0,1,0,0,1,0,0,0,0.7005089290000001
10,0.8,3.94,,1200,0,0,0,0,10,1,0,0,0,0,1,0,1,0,0,1,0,0,0,0,0.971866667
7,0.5,4.15,,960,0,0,0,0,8,1,0,0,0,1,0,0,1,0,0,0,0,0,1,0,0.8035416670000001
8,0.8,25.9,1218,10170,60,0,0,0,56.5,1,0,1,0,0,0,0,0,1,0,0,0,0,0,1,0.850136766
6,0.65,23.41,1262,4560,35,0,0,1,38,3,0,1,0,0,0,0,0,1,1,0,0,0,0,0,0.650962281
4,0.75,30.1,919,7140,0,0,0,1,59.5,2,0,0,1,0,0,0,0,1,0,0,1,0,0,0,0.598627451
4,0.7,26.82,1028,6960,60,0,0,0,58,3,1,0,0,0,0,0,0,1,0,0,0,0,0,1,0.799975862
12,0.8,11.61,893,4710,50,0,0,0,31.5,1,0,1,0,0,0,0,0,1,0,1,0,0,0,0,0.800346445
11,0.5,14.89,917,9900,30,0,0,0,55,1,0,0,1,0,0,0,0,1,0,0,0,1,0,0,0.500025069
11,0.6,2.9,,2880,0,0,0,0,12,2,0,0,0,1,0,1,0,0,0,0,1,0,0,0,0.805555556
8,0.75,4.6,,3360,0,0,0,0,8,2,0,0,0,1,0,1,0,0,0,1,0,0,0,0,0.376597222
6,0.75,2.9,,1800,0,0,0,0,15,2,0,0,0,1,0,1,0,0,0,0,0,0,1,0,0.726933333
7,0.35,30.1,842,6960,0,0,0,1,58,2,0,1,0,0,0,0,0,1,1,0,0,0,0,0,0.350301724
4,0.75,22.52,825,10080,94,0,0,0,56,1,0,0,1,0,0,0,0,1,0,0,0,0,0,1,0.9005562770000001
2,0.75,3.94,,1200,0,0,0,0,10,1,0,0,0,1,0,0,1,0,0,0,0,0,1,0,0.7879999999999999
7,0.7,5.13,,1200,0,0,0,0,10,2,0,0,1,0,0,1,0,0,0,0,0,0,1,0,0.91375
9,0.75,18.79,1193,6240,45,0,0,0,52,3,0,1,0,0,0,0,0,1,1,0,0,0,0,0,0.750395513
4,0.8,28.08,759,6900,50,0,0,0,57.5,1,1,0,0,0,0,0,0,1,1,0,0,0,0,0,0.800076522
9,0.75,2.9,,960,0,0,0,0,8,3,1,0,0,0,0,1,0,0,0,0,1,0,0,0,0.44708333299999997
5,0.65,30.1,326,5820,0,90,10,0,58.5,2,1,0,0,0,0,0,0,1,0,0,0,0,0,1,0.6508348079999999
9,0.7,29.12,1340,6960,63,0,0,0,58,1,0,0,0,1,0,0,0,1,0,0,0,0,0,1,0.7505931029999999
5,0.8,11.41,668,3660,50,0,0,0,30.5,1,1,0,0,0,0,0,0,1,0,0,0,1,0,0,0.7070459020000001
1,0.75,3.94,,1200,0,0,0,0,10,1,0,0,0,1,0,0,1,0,0,0,0,0,1,0,0.77815
7,0.6,3.94,,6000,0,0,0,0,10,1,0,0,0,1,0,0,1,0,0,0,0,1,0,0,0.957638889
10,0.7,2.9,,3360,0,0,0,0,8,2,0,0,0,1,0,1,0,0,0,1,0,0,0,0,0.41083333299999997
2,0.75,19.87,733,6000,34,0,0,0,55,1,1,0,0,0,0,0,0,1,0,0,0,1,0,0,0.753097531
2,0.8,22.52,1452,6960,100,0,0,0,58,2,1,0,0,0,0,0,0,1,0,0,0,0,1,0,0.9499816090000001
5,0.8,30.1,15,1200,49,0,0,1,59,2,0,0,0,1,0,0,0,1,0,0,0,0,0,1,0.598792339
11,0.7,10.05,1042,6120,60,0,0,0,53,2,1,0,0,0,0,0,0,1,0,0,0,0,0,1,0.7002788459999999
2,0.75,3.94,,1800,0,0,0,0,10,1,0,0,0,1,0,0,1,0,1,0,0,0,0,0,0.9103787879999999
4,0.8,30.1,864,480,50,0,0,1,58,2,0,0,1,0,0,0,0,1,0,0,0,0,0,1,0.800980392
8,0.8,4.6,,3600,0,0,0,0,15,3,1,0,0,0,0,1,0,0,0,1,0,0,0,0,0.5907407410000001
10,0.8,3.94,,960,0,0,0,0,8,2,0,0,1,0,0,1,0,0,0,0,0,0,1,0,0.9275416670000001
8,0.8,2.9,,1440,0,0,0,0,8,1,0,1,0,0,0,0,1,0,0,0,0,0,1,0,0.681060606
12,0.8,15.26,1083,720,38,0,0,0,34,2,1,0,0,0,0,0,0,1,0,0,0,1,0,0,0.800612676
11,0.65,4.15,,2160,0,0,0,0,12,1,0,0,1,0,0,0,1,0,0,0,1,0,0,0,0.8383838379999999
12,0.8,15.26,986,4080,75,0,0,0,34,3,1,0,0,0,0,0,0,1,0,1,0,0,0,0,0.850520588
7,0.6,30.48,1017,6840,25,0,0,1,57,3,0,1,0,0,0,0,0,1,0,0,0,0,1,0,0.630402924
12,0.8,4.6,,3780,0,0,0,0,9,2,0,0,0,1,0,1,0,0,0,0,0,1,0,0,0.590617284
4,0.7,30.1,419,7080,0,0,0,1,59,2,0,1,0,0,0,0,0,1,0,0,0,1,0,0,0.637711864
1,0.75,3.94,,2280,0,0,0,0,19,2,1,0,0,0,0,0,1,0,1,0,0,0,0,0,0.504596491
9,0.8,3.94,,960,0,0,0,0,8,2,0,0,1,0,0,1,0,0,0,0,0,0,0,1,0.549791667
10,0.7,19.68,1410,5760,0,0,0,1,48,2,0,0,1,0,0,0,0,1,0,0,0,1,0,0,0.24941666699999998
3,0.35,30.1,770,6960,0,0,0,1,58,2,0,1,0,0,0,0,0,1,0,0,0,1,0,0,0.350301724
8,0.8,25.9,1158,10170,60,0,0,0,56.5,1,0,1,0,0,0,0,0,1,0,1,0,0,0,0,0.850136766
2,0.6,30.33,868,6840,0,0,0,1,57,2,0,0,1,0,0,0,0,1,0,0,0,0,0,1,0.328131579
10,0.8,22.52,1388,6720,88,0,0,0,56,2,0,1,0,0,0,0,0,1,0,0,1,0,0,0,0.9008
10,0.75,3.94,,1800,0,0,0,0,10,1,0,0,0,1,0,0,1,0,0,1,0,0,0,0,0.937242424
9,0.75,2.9,,1080,0,0,0,0,9,3,0,1,0,0,0,1,0,0,0,0,1,0,0,0,0.9290740740000001
12,0.8,11.61,1216,4950,50,0,0,0,31.5,1,0,0,1,0,0,0,0,1,0,0,0,1,0,0,0.80003139
8,0.65,29.4,962,4560,0,4.5,30,2,57,2,0,0,1,0,0,0,0,1,0,0,0,0,0,1,0.25139925399999996
6,0.65,18.79,881,3960,26,0,0,0,33,2,1,0,0,0,0,0,0,1,0,0,1,0,0,0,0.651007071
9,0.8,26.16,1156,10620,75,0,0,0,59,1,0,1,0,0,0,0,0,1,0,0,0,0,1,0,0.850502311
9,0.8,26.16,1095,10620,88,0,0,0,59,1,0,1,0,0,0,0,0,1,0,0,1,0,0,0,0.9002157159999999
5,0.8,30.1,679,7140,0,0,0,0,59.5,2,0,0,1,0,0,0,0,1,0,0,1,0,0,0,0.722568627
4,0.65,26.66,832,6780,55,0,0,0,57,3,1,0,0,0,0,0,0,1,1,0,0,0,0,0,0.750254867
3,0.75,4.15,,2160,0,0,0,0,12,1,0,1,0,0,0,0,1,0,0,0,0,1,0,0,0.712626263
6,0.75,18.79,1055,3960,45,0,0,0,33,2,0,0,0,1,0,0,0,1,0,0,1,0,0,0,0.75065101
9,0.75,18.79,935,6240,45,0,0,0,52,3,1,0,0,0,0,0,0,1,1,0,0,0,0,0,0.750395513
8,0.8,2.9,,1440,0,0,0,0,8,1,0,0,1,0,0,0,1,0,0,0,1,0,0,0,0.639867424
3,0.8,19.87,1043,6420,0,0,0,0,55,1,0,1,0,0,0,0,0,1,0,0,1,0,0,0,0.690182815
8,0.75,2.9,,960,0,0,0,0,8,1,1,0,0,0,0,0,1,0,0,0,0,1,0,0,0.676666667
3,0.75,19.87,734,6600,45,0,0,0,55,1,1,0,0,0,0,0,0,1,0,0,1,0,0,0,0.75024303
10,0.75,28.08,1066,10530,69,0,0,0,58.5,1,0,1,0,0,0,0,0,1,0,0,0,1,0,0,0.8
5,0.7,4.6,,960,0,0,0,0,8,3,1,0,0,0,0,1,0,0,0,0,0,0,0,1,0.5920833329999999
4,0.8,22.52,1016,10170,60,0,0,0,56.5,1,0,0,0,1,0,0,0,1,1,0,0,0,0,0,0.850312684
6,0.5,2.9,,960,0,0,0,0,8,3,1,0,0,0,0,1,0,0,0,1,0,0,0,0,0.7975
9,0.7,18.79,1603,6120,30,0,0,1,51,2,0,0,1,0,0,0,0,1,0,0,0,1,0,0,0.638614379
7,0.65,23.54,830,6600,0,0,0,0,55,1,0,0,0,0,1,0,0,1,0,0,0,1,0,0,0.48791999999999996
1,0.75,3.94,,1200,0,0,0,0,10,1,0,0,0,1,0,0,1,0,0,0,0,0,0,1,0.9456
6,0.75,2.9,,3360,0,0,0,0,8,2,0,0,0,1,0,1,0,0,0,0,0,1,0,0,0.271875
6,0.75,18.79,708,4080,0,0,0,0,34,2,0,1,0,0,0,0,0,1,1,0,0,0,0,0,0.612517157
6,0.8,2.9,,4800,0,0,0,0,8,1,0,0,0,1,0,0,1,0,0,0,0,1,0,0,0.626822917
10,0.7,2.9,,3360,0,0,0,0,8,3,1,0,0,0,0,1,0,0,0,0,1,0,0,0,0.6645833329999999
5,0.8,4.6,,1080,0,0,0,0,9,2,0,0,0,1,0,1,0,0,0,0,0,0,0,1,0.902962963
3,0.75,22.52,1495,10350,55,0,0,0,57.5,1,0,0,0,1,0,0,0,1,0,0,1,0,0,0,0.800513307
7,0.8,25.9,1126,10170,60,0,0,0,56.5,1,0,1,0,0,0,0,0,1,0,0,0,0,1,0,0.850136766
6,0.8,11.61,539,6975,50,0,0,0,31,1,1,0,0,0,0,0,0,1,0,0,1,0,0,0,0.879714482
11,0.6,12.52,831,9540,30,0,0,0,53,1,0,1,0,0,0,0,0,1,0,0,1,0,0,0,0.6002298460000001
5,0.7,30.1,754,7020,0,0,0,0,58.5,2,0,1,0,0,0,0,0,1,0,0,1,0,0,0,0.700618234
8,0.75,4.6,,3360,0,0,0,0,8,3,1,0,0,0,0,1,0,0,1,0,0,0,0,0,0.773333333
3,0.8,22.52,1136,6960,113,0,0,0,58,1,0,0,0,0,1,0,0,1,0,1,0,0,0,0,1.000457471
7,0.7,30.1,562,840,30,0,0,1,59,2,0,0,1,0,0,0,0,1,0,0,0,0,1,0,0.700888203
5,0.6,30.1,415,6960,0,0,0,0,58,2,1,0,0,0,0,0,0,1,0,0,0,0,1,0,0.415172414
3,0.5,5.13,,960,0,0,0,0,8,2,0,0,1,0,0,1,0,0,0,0,0,0,0,1,0.2565
4,0.75,3.94,,960,0,0,0,0,8,3,0,1,0,0,0,1,0,0,0,0,1,0,0,0,0.890604167
11,0.8,2.9,,0,960,0,0,0,8,3,0,1,0,0,0,1,0,0,1,0,0,0,0,0,0.960625
12,0.8,11.61,760,4470,50,0,0,0,31.5,1,0,1,0,0,0,0,0,1,1,0,0,0,0,0,0.80007657
11,0.8,4.15,,1980,0,0,0,0,7,1,0,1,0,0,0,0,1,0,0,0,0,0,0,1,0.934607438
12,0.8,15.26,983,4080,50,0,0,0,34,3,1,0,0,0,0,0,0,1,0,0,0,0,1,0,0.8004019609999999
7,0.75,30.1,444,0,0,5,20,1,59,2,0,0,1,0,0,0,0,1,0,0,0,1,0,0,0.611140537
11,0.8,11.61,954,0,50,0,0,2,58,2,0,0,0,1,0,0,0,1,0,1,0,0,0,0,0.800779018
8,0.65,4.15,,960,0,0,0,0,8,2,1,0,0,0,0,0,1,0,1,0,0,0,0,0,0.5619791670000001
12,0.6,15.26,1492,6960,23,0,0,0,34,1,0,0,0,1,0,0,0,1,0,0,0,1,0,0,0.600436426
6,0.8,11.41,843,5670,50,0,0,0,31.5,1,0,1,0,0,0,0,0,1,1,0,0,0,0,0,0.800181818
12,0.8,26.16,844,7080,63,0,0,0,59,1,1,0,0,0,0,0,0,1,0,1,0,0,0,0,0.8003186440000001
3,0.75,29.4,1283,6960,45,0,0,2,58,2,0,0,0,1,0,0,0,1,0,0,0,0,0,1,0.750206897
12,0.7,4.08,,1620,0,0,0,0,9,1,0,0,0,1,0,0,1,0,0,0,1,0,0,0,0.6181818179999999
9,0.7,28.08,872,6900,44,0,0,0,57.5,1,1,0,0,0,0,0,0,1,0,0,0,1,0,0,0.7211269570000001
3,0.8,22.52,968,6840,113,0,0,0,57,2,1,0,0,0,0,0,0,1,0,0,0,0,0,1,1.000230409
1,0.7,3.94,,960,0,0,0,0,8,3,1,0,0,0,0,1,0,0,0,1,0,0,0,0,0.664875
12,0.8,5.13,,1200,0,0,0,0,10,2,0,0,1,0,0,1,0,0,0,0,0,0,0,1,0.9918
12,0.7,15.26,1296,6120,40,0,0,0,34,1,0,0,0,1,0,0,0,1,0,0,1,0,0,0,0.70043672
2,0.8,28.08,749,10350,63,0,0,0,57.5,1,0,1,0,0,0,0,0,1,0,1,0,0,0,0,0.800594466
8,0.75,29.4,551,6840,45,0,0,0,57,3,1,0,0,0,0,0,0,1,1,0,0,0,0,0,0.750473684
5,0.8,30.1,511,0,0,0,0,0,59,2,0,0,1,0,0,0,0,1,0,0,0,0,0,1,0.800980392
2,0.8,3.94,,2400,0,0,0,0,20,2,1,0,0,0,0,0,1,0,0,0,0,0,1,0,1.001416667
2,0.8,28.08,782,6660,50,0,0,0,55.5,1,1,0,0,0,0,0,0,1,0,0,1,0,0,0,0.8002378379999999
10,0.7,2.9,,3360,0,0,0,0,8,3,1,0,0,0,0,1,0,0,0,0,0,0,1,0,0.463194444
11,0.8,4.15,,1440,0,0,0,0,8,1,0,1,0,0,0,0,1,0,0,0,1,0,0,0,0.668087121
8,0.8,2.9,,1440,0,0,0,0,8,1,1,0,0,0,0,0,1,0,0,0,0,0,0,1,0.681060606
4,0.8,3.94,,4440,0,0,0,0,18,1,1,0,0,0,0,0,1,0,0,0,0,0,0,1,0.827186544
9,0.75,18.79,1020,5640,45,0,0,1,52,2,0,0,0,1,0,0,0,1,0,0,0,1,0,0,0.750371895
12,0.8,11.61,1101,5310,50,0,0,0,31.5,1,1,0,0,0,0,0,0,1,0,0,0,0,1,0,0.8001409690000001
5,0.75,4.15,,1200,0,0,0,0,10,2,0,0,1,0,0,1,0,0,1,0,0,0,0,0,0.629416667
10,0.75,3.94,,1440,0,0,0,0,8,1,0,1,0,0,0,0,1,0,0,0,0,1,0,0,0.779791667
9,0.75,2.9,,960,0,0,0,0,8,3,1,0,0,0,0,1,0,0,0,0,0,0,0,1,0.83375
8,0.8,25.9,1211,10260,60,0,0,0,57,1,0,1,0,0,0,0,0,1,0,0,0,0,1,0,0.850252525
1,0.8,26.16,1189,10620,75,0,0,0,59,1,0,1,0,0,0,0,0,1,0,0,0,1,0,0,0.850502311
1,0.7,22.94,1682,10530,75,0,0,0,58.5,1,0,0,0,1,0,0,0,1,0,0,1,0,0,0,0.8009096090000001
9,0.5,18.79,1688,5280,0,0,0,1,54,2,0,0,1,0,0,0,0,1,0,0,1,0,0,0,0.28305448699999997
3,0.7,22.52,1139,10260,63,0,0,0,57,1,0,0,1,0,0,0,0,1,0,0,0,0,0,1,0.750068049
9,0.75,29.12,1082,6840,81,0,0,0,57,1,0,0,0,0,1,0,0,1,0,1,0,0,0,0,0.850610526
2,0.8,22.52,1327,0,113,0,0,0,57.5,2,0,1,0,0,0,0,0,1,0,0,0,1,0,0,1.000344928
5,0.5,30.1,839,6960,0,0,0,0,58,2,1,0,0,0,0,0,0,1,1,0,0,0,0,0,0.500801724
11,0.6,20.1,1601,4320,46,0,0,0,51,1,0,0,0,0,1,0,0,1,0,0,0,1,0,0,0.60059761
9,0.8,26.16,1305,10620,75,0,0,0,59,1,1,0,0,0,0,0,0,1,0,0,0,0,1,0,0.850502311
4,0.7,4.15,,1800,0,0,0,0,15,2,0,1,0,0,0,1,0,0,0,0,0,0,0,1,1.0331555559999999
10,0.8,3.94,,5400,0,0,0,0,20,1,0,1,0,0,0,0,1,0,0,0,0,0,1,0,0.912766667
4,0.35,22.4,581,7350,0,0,0,0,51.5,1,0,1,0,0,0,0,0,1,1,0,0,0,0,0,0.35063299
9,0.7,2.9,,960,0,0,0,0,8,2,0,0,0,1,0,1,0,0,0,0,0,0,0,1,0.41083333299999997
10,0.7,2.9,,960,0,0,0,0,8,3,0,1,0,0,0,1,0,0,0,0,0,0,1,0,0.39875
5,0.6,4.15,,1440,0,0,0,0,8,1,0,0,1,0,0,0,1,0,0,0,1,0,0,0,0.8527935609999999
8,0.7,4.6,,960,0,0,0,0,8,2,0,0,0,1,0,1,0,0,0,0,0,0,0,1,0.658541667
10,0.7,2.9,,3360,0,0,0,0,8,2,0,0,0,1,0,1,0,0,0,0,0,1,0,0,0.41083333299999997
2,0.7,3.94,,15000,0,0,0,0,25,1,0,0,0,1,0,0,1,0,0,0,0,1,0,0,0.649662222
1,0.8,22.52,1420,6840,113,0,0,0,57,2,0,0,1,0,0,0,0,1,0,0,1,0,0,0,1.000230409
9,0.7,28.08,1072,6900,40,0,0,0,57.5,1,1,0,0,0,0,0,0,1,0,1,0,0,0,0,0.699965217
3,0.8,22.52,1287,6840,100,0,0,0,57,1,0,0,0,0,1,0,0,1,0,0,0,1,0,0,0.950185965
2,0.8,3.94,,960,0,0,0,0,8,1,1,0,0,0,0,0,1,0,0,0,1,0,0,0,0.7921041670000001
6,0.7,18.79,913,4020,30,0,0,0,33.5,2,1,0,0,0,0,0,0,1,0,0,0,0,1,0,0.700184577
3,0.7,3.94,,12000,0,0,0,0,20,1,0,0,0,1,0,0,1,0,0,0,0,1,0,0,0.460578704
10,0.8,22.52,1108,6720,113,0,0,0,56,2,1,0,0,0,0,0,0,1,0,0,0,0,0,1,0.999995238
8,0.65,3.94,,960,0,0,0,0,8,1,0,0,0,0,1,0,1,0,0,1,0,0,0,0,0.971866667
3,0.8,42.27,465,9900,54,0,0,0,55,1,0,1,0,0,0,0,0,1,0,0,0,0,1,0,0.705576584
10,0.65,3.94,,960,0,0,0,0,8,1,1,0,0,0,0,0,1,0,0,0,0,1,0,0,0.705916667
10,0.7,2.9,,0,960,0,0,0,8,3,0,1,0,0,0,1,0,0,1,0,0,0,0,0,0.47729166700000003
3,0.8,22.52,1283,6720,88,0,0,0,56,2,0,1,0,0,0,0,0,1,0,0,1,0,0,0,0.900129762
2,0.7,22.94,1510,10620,60,0,0,0,57,1,0,0,0,1,0,0,0,1,0,0,0,1,0,0,0.8003027909999999
9,0.75,29.12,1282,6960,45,0,0,0,58,2,1,0,0,0,0,0,0,1,0,0,1,0,0,0,0.7505931029999999
3,0.75,3.94,,1800,0,0,0,0,10,1,0,0,0,1,0,0,1,0,1,0,0,0,0,0,1.059621212
3,0.8,29.4,1169,6840,63,0,0,0,57,3,1,0,0,0,0,0,0,1,0,0,0,0,0,1,0.800333333
12,0.8,2.9,,1440,0,0,0,0,8,1,0,0,1,0,0,0,1,0,1,0,0,0,0,0,0.793844697
11,0.6,2.9,,1200,0,0,0,0,10,2,0,0,1,0,0,1,0,0,0,0,1,0,0,0,0.715333333
4,0.35,30.1,287,6060,23,150,15,0,55.5,2,1,0,0,0,0,0,0,1,0,0,0,0,0,1,0.350706422
11,0.6,2.9,,960,0,0,0,0,8,1,0,0,0,0,1,0,1,0,0,0,0,1,0,0,0.864583333
9,0.7,2.9,,1800,0,0,0,0,15,2,0,0,0,1,0,1,0,0,0,0,0,0,1,0,0.726933333
8,0.8,2.9,,1440,0,0,0,0,8,1,0,1,0,0,0,0,1,0,0,1,0,0,0,0,0.628882576
8,0.8,25.9,562,7470,38,0,0,0,56.5,1,0,0,1,0,0,0,0,1,0,0,0,0,0,1,0.800436542
10,0.8,28.08,1082,10530,63,0,0,0,58.5,1,0,1,0,0,0,0,0,1,0,1,0,0,0,0,0.8
6,0.75,18.79,670,3960,34,0,0,0,33,2,0,1,0,0,0,0,0,1,0,0,1,0,0,0,0.75065101
3,0.8,22.52,1271,5400,50,0,0,0,57,2,0,1,0,0,0,0,0,1,1,0,0,0,0,0,0.800161172
3,0.8,4.6,,6300,0,0,0,0,15,2,0,0,0,1,0,1,0,0,0,0,0,1,0,0,0.921703704
1,0.7,26.82,1267,8160,70,0,0,0,58,3,1,0,0,0,0,0,0,1,0,1,0,0,0,0,0.850045
3,0.8,4.6,,2400,0,0,0,0,20,2,0,0,0,1,0,1,0,0,0,0,0,0,0,1,0.900833333
5,0.75,30.1,788,7380,56,0,0,0,59.5,2,0,1,0,0,0,0,0,1,0,0,0,0,0,1,0.750406233
1,0.8,22.52,1532,6900,88,0,0,0,57.5,2,1,0,0,0,0,0,0,1,0,0,0,0,0,1,0.900147246
10,0.8,3.94,,960,0,0,0,0,8,2,1,0,0,0,0,1,0,0,0,0,0,1,0,0,0.7715833329999999
1,0.7,26.66,1562,6960,60,0,0,0,58,3,1,0,0,0,0,0,0,1,0,0,0,0,1,0,0.8005660920000001
8,0.7,24.26,154,6840,0,0,0,0,57,2,0,1,0,0,0,0,0,1,0,0,1,0,0,0,0.353259649
11,0.8,11.41,560,3420,50,0,0,0,58,3,0,1,0,0,0,0,0,1,0,0,0,0,0,1,0.800034503
10,0.35,22.4,715,10170,23,0,0,0,56.5,1,0,1,0,0,0,0,0,1,0,0,0,0,1,0,0.35020649
10,0.8,3.94,,1440,0,0,0,0,8,1,0,1,0,0,0,0,1,0,0,0,1,0,0,0,0.828295455
1,0.75,26.82,1322,7080,45,0,0,0,59,3,0,1,0,0,0,0,0,1,0,0,0,0,0,1,0.750050847
10,0.8,3.94,,1440,0,0,0,0,8,1,0,0,1,0,0,0,1,0,0,1,0,0,0,0,0.9746212120000001
4,0.8,4.3,,1200,0,0,0,0,10,1,0,0,0,0,1,0,1,0,0,0,0,1,0,0,0.9890000000000001
2,0.7,30.33,398,6960,0,0,0,1,58,2,0,0,0,1,0,0,0,1,0,0,0,1,0,0,0.66237931
1,0.8,22.52,1397,0,138,0,0,0,57,2,0,1,0,0,0,0,0,1,0,0,0,1,0,0,1.100483918
6,0.35,22.53,1450,2640,0,0,0,1,39,3,1,0,0,0,0,0,0,1,0,0,0,1,0,0,0.26369382
9,0.8,4.15,,960,0,0,0,0,8,1,1,0,0,0,0,0,1,0,0,1,0,0,0,0,0.9562708329999999
7,0.7,24.26,1639,6720,0,0,0,0,56,2,1,0,0,0,0,0,0,1,0,0,0,0,1,0,0.541517857
12,0.8,4.08,,1080,0,0,0,0,9,2,0,0,1,0,0,1,0,0,1,0,0,0,0,0,0.8915555559999999
10,0.8,22.52,10,6000,0,0,0,0,50,2,0,1,0,0,0,0,0,1,0,0,0,1,0,0,0.441392
7,0.8,25.9,1012,10170,45,0,0,0,56.5,1,0,1,0,0,0,0,0,1,0,0,1,0,0,0,0.850136766
5,0.8,4.6,,7560,0,0,0,0,18,2,0,0,0,1,0,1,0,0,0,0,0,1,0,0,0.921604938
8,0.7,30.1,824,5160,0,0,0,1,60,2,0,1,0,0,0,0,0,1,0,1,0,0,0,0,0.700206125
11,0.7,4.15,,2700,0,0,0,0,9,1,0,0,1,0,0,0,1,0,0,0,0,0,0,1,0.470769231
3,0.8,22.52,11,6840,0,0,0,1,57,2,0,1,0,0,0,0,0,1,0,0,0,0,0,1,0.536901754
4,0.8,3.94,,6600,0,0,0,0,20,1,1,0,0,0,0,0,1,0,0,0,1,0,0,0,0.8616790120000001
7,0.65,3.9,,960,0,0,0,0,8,3,0,1,0,0,0,1,0,0,0,0,0,0,0,1,0.625625
4,0.7,4.15,,1800,0,0,0,0,15,2,0,1,0,0,0,1,0,0,0,0,0,0,1,0,0.7967555559999999
12,0.8,15.26,1053,4080,50,0,0,0,34,2,0,0,0,1,0,0,0,1,0,0,0,0,0,1,0.8004019609999999
10,0.8,3.94,,1200,0,0,0,0,10,2,1,0,0,0,0,0,1,0,1,0,0,0,0,0,0.85695
4,0.75,22.52,867,10260,94,0,0,0,57,1,0,0,0,1,0,0,0,1,0,0,1,0,0,0,0.9003211059999999
4,0.6,30.1,486,6780,30,0,0,1,57,2,1,0,0,0,0,0,0,1,0,1,0,0,0,0,0.600224189
11,0.75,42.97,1282,10260,56,0,0,0,57,1,0,0,0,1,0,0,0,1,0,1,0,0,0,0,0.7500412009999999
9,0.8,3.94,,1800,0,0,0,0,10,1,0,0,1,0,0,0,1,0,0,1,0,0,0,0,0.82680303
4,0.8,30.1,323,4080,50,0,0,1,59,2,0,0,0,1,0,0,0,1,0,0,0,0,0,1,0.800808642
11,0.75,11.61,635,3360,45,0,0,0,57,2,0,0,0,1,0,0,0,1,0,0,0,0,0,1,0.750503571
8,0.8,25.9,1083,10170,38,0,0,0,56.5,1,1,0,0,0,0,0,0,1,0,0,0,0,1,0,0.800128721
12,0.8,4.6,,1080,0,0,0,0,9,3,1,0,0,0,0,1,0,0,0,1,0,0,0,0,0.868888889
1,0.8,3.94,,1440,0,0,0,0,8,1,0,1,0,0,0,0,1,0,0,0,0,0,0,1,0.891723485
5,0.8,30.1,276,600,63,3.5,15,0,59.5,2,0,0,1,0,0,0,0,1,0,0,0,1,0,0,0.7999828529999999
9,0.75,18.79,841,6240,45,0,0,1,52,2,0,0,0,1,0,0,0,1,0,1,0,0,0,0,0.750395513
9,0.75,18.79,1206,6240,34,0,0,0,52,3,1,0,0,0,0,0,0,1,0,0,0,0,0,1,0.750395513
2,0.65,30.33,841,6840,0,0,0,1,57,2,0,0,1,0,0,0,0,1,0,0,0,1,0,0,0.585315789
5,0.7,27.48,573,6840,30,0,0,0,57,3,1,0,0,0,0,0,0,1,0,0,0,0,1,0,0.7006596490000001
6,0.6,23.41,1266,2520,23,0,0,1,38,3,0,1,0,0,0,0,0,1,0,0,1,0,0,0,0.601037091
8,0.7,3.9,,960,0,0,0,0,8,3,0,1,0,0,0,1,0,0,0,0,0,0,0,1,0.625625
6,0.7,23.41,1180,4560,30,0,0,1,38,3,0,1,0,0,0,0,0,1,0,0,0,0,1,0,0.7002464909999999
5,0.7,20.4,1352,10260,50,0,0,0,57,1,0,0,1,0,0,0,0,1,0,0,0,0,1,0,0.7000637959999999
4,0.7,26.66,950,6960,50,0,0,0,58,3,1,0,0,0,0,0,0,1,0,0,0,0,1,0,0.750770115
7,0.8,2.9,,1440,0,0,0,0,8,1,0,1,0,0,0,0,1,0,1,0,0,0,0,0,0.648106061
10,0.75,3.94,,3420,0,0,0,0,19,1,0,0,0,1,0,0,1,0,0,0,1,0,0,0,0.955151515
8,0.8,25.9,1026,10170,60,0,0,0,56.5,1,0,1,0,0,0,0,0,1,0,0,0,1,0,0,0.850136766
12,0.8,15.26,1069,4080,63,0,0,0,34,3,0,1,0,0,0,0,0,1,0,0,0,0,1,0,0.8004019609999999
6,0.7,18.79,2984,3960,30,0,0,0,33,2,1,0,0,0,0,0,0,1,1,0,0,0,0,0,0.700354545
1,0.8,3.94,,960,0,0,0,0,8,1,1,0,0,0,0,0,1,0,0,1,0,0,0,0,0.9029166670000001
2,0.7,30.33,512,4560,0,0,0,1,58,2,0,0,0,1,0,0,0,1,0,1,0,0,0,0,0.7002111109999999
11,0.8,4.15,,1440,0,0,0,0,8,1,0,1,0,0,0,0,1,0,0,1,0,0,0,0,0.8174242420000001
2,0.5,15.28,261,5520,0,0,0,1,46,3,1,0,0,0,0,0,0,1,0,0,0,0,0,1,0.40414492799999996
8,0.6,30.1,1069,4560,30,0,0,1,58,2,0,1,0,0,0,0,0,1,0,0,0,0,0,1,0.714410494
5,0.7,4.15,,240,0,0,0,0,2,2,0,1,0,0,0,1,0,0,0,0,0,0,0,1,0.87
1,0.75,26.82,1254,6960,65,0,0,0,58,3,0,1,0,0,0,0,0,1,0,0,1,0,0,0,0.85007069
10,0.7,21.82,1390,6000,30,0,0,0,50,3,1,0,0,0,0,0,0,1,0,0,0,1,0,0,0.700422
4,0.8,28.08,990,10350,50,0,0,0,57.5,1,1,0,0,0,0,0,0,1,0,0,0,0,0,1,0.800594466
7,0.8,2.9,,1440,0,0,0,0,8,1,0,0,1,0,0,0,1,0,0,0,0,1,0,0,0.689299242
12,0.75,15.26,1276,1440,45,0,0,0,35,2,1,0,0,0,0,0,0,1,0,0,1,0,0,0,0.750450658
2,0.75,3.94,,1440,0,0,0,0,8,1,0,0,0,1,0,0,1,0,0,0,1,0,0,0,0.970075758
9,0.8,26.16,1324,10620,75,0,0,0,59,1,1,0,0,0,0,0,0,1,0,0,0,0,0,1,0.850502311
7,0.5,3.9,,960,0,0,0,0,8,3,0,1,0,0,0,1,0,0,0,0,0,0,1,0,0.560625
6,0.8,25.9,1152,6720,50,0,0,0,56,1,1,0,0,0,0,0,0,1,0,1,0,0,0,0,0.800125
10,0.8,22.52,598,0,75,0,0,0,56,2,0,1,0,0,0,0,0,1,0,0,0,0,0,1,0.850364583
5,0.7,26.82,992,6960,30,0,0,1,58,3,0,1,0,0,0,0,0,1,0,0,0,0,0,1,0.700556897
7,0.8,2.9,,1440,0,0,0,0,8,1,0,1,0,0,0,0,1,0,0,0,0,0,0,1,0.837594697
9,0.8,3.94,,960,0,0,0,0,8,2,0,1,0,0,0,1,0,0,0,0,0,0,1,0,0.6895
1,0.8,3.94,,1440,0,0,0,0,2,1,0,1,0,0,0,0,1,0,0,0,0,0,1,0,0.951420455
10,0.7,28.08,1202,6900,40,0,0,0,57.5,1,1,0,0,0,0,0,0,1,0,0,1,0,0,0,0.699965217
11,0.7,2.9,,960,0,0,0,0,8,2,0,0,0,1,0,1,0,0,0,0,0,0,1,0,0.5046875
6,0.75,20.2,402,3120,45,0,0,0,33,3,1,0,0,0,0,0,0,1,0,0,0,0,1,0,0.750212553
10,0.8,3.94,,1440,0,0,0,0,12,1,0,0,0,1,0,0,1,0,0,0,0,0,1,0,0.979527778
4,0.35,4.3,,3600,0,0,0,0,20,1,0,0,1,0,0,0,1,0,0,0,0,1,0,0,0.9886363640000001
5,0.65,20.79,1015,7080,81,0,0,0,59,1,0,0,0,0,1,0,0,1,0,0,0,1,0,0,0.800473729
5,0.5,4.15,,1440,0,0,0,0,8,1,0,1,0,0,0,0,1,0,0,1,0,0,0,0,0.337973485
12,0.8,15.26,1060,4080,63,0,0,0,34,2,0,0,0,1,0,0,0,1,1,0,0,0,0,0,0.8004019609999999
2,0.8,5.13,,3600,0,0,0,0,15,2,0,0,1,0,0,1,0,0,0,0,0,1,0,0,0.710125
2,0.7,22.94,1422,10500,60,0,0,0,57,1,0,0,1,0,0,0,0,1,0,0,0,0,0,1,0.800415742
7,0.8,3.94,,960,0,0,0,0,8,1,1,0,0,0,0,0,1,0,0,1,0,0,0,0,0.6253125
2,0.8,3.94,,2160,0,0,0,0,18,2,1,0,0,0,0,1,0,0,0,0,0,0,0,1,0.966759259
2,0.7,16.1,817,5520,30,0,0,1,45,3,0,1,0,0,0,0,0,1,1,0,0,0,0,0,0.700516224
8,0.8,2.9,,720,0,0,0,0,4,1,0,0,0,1,0,0,1,0,0,0,1,0,0,0,0.329545455
6,0.8,11.41,1047,5580,63,0,0,0,31,1,0,0,1,0,0,0,0,1,0,0,0,0,1,0,0.8002614859999999
8,0.35,4.15,,1440,0,0,0,0,12,2,0,1,0,0,0,1,0,0,0,0,0,1,0,0,0.755486111
4,0.8,28.08,925,10350,50,0,0,0,57.5,1,1,0,0,0,0,0,0,1,0,0,0,0,1,0,0.800594466
7,0.7,5.13,,960,0,0,0,0,8,2,0,0,0,1,0,1,0,0,0,0,1,0,0,0,0.283958333
2,0.8,3.94,,1200,0,0,0,0,10,1,0,0,0,0,1,0,1,0,0,1,0,0,0,0,0.971866667
11,0.8,19.31,678,4800,50,0,0,0,55,1,1,0,0,0,0,0,0,1,1,0,0,0,0,0,0.800250962
2,0.8,3.94,,1800,0,0,0,0,10,1,0,0,1,0,0,0,1,0,0,1,0,0,0,0,0.9809090909999999
11,0.7,14.89,1863,10260,50,0,0,0,57,1,0,0,0,1,0,0,0,1,0,0,0,1,0,0,0.700170388
12,0.8,4.08,,1080,0,0,0,0,9,2,0,1,0,0,0,1,0,0,0,1,0,0,0,0,0.8008888890000001
4,0.8,22.52,1342,6780,50,0,0,0,56.5,1,0,0,0,1,0,0,0,1,0,0,0,0,0,1,0.800489676
11,0.7,14.89,1501,10260,50,0,0,0,57,1,0,0,1,0,0,0,0,1,0,0,0,0,1,0,0.700170388
4,0.6,3.94,,960,0,0,0,0,8,3,1,0,0,0,0,1,0,0,0,0,1,0,0,0,0.673083333
1,0.8,3.94,,1440,0,0,0,0,12,2,1,0,0,0,0,1,0,0,0,0,0,1,0,0,0.845458333
6,0.8,2.9,,960,0,0,0,0,8,1,0,0,0,1,0,0,1,0,0,0,0,0,1,0,0.6225
3,0.65,22.52,1138,10170,35,0,0,0,56.5,1,0,0,1,0,0,0,0,1,0,0,1,0,0,0,0.650416734
8,0.35,4.15,,1800,0,0,0,0,15,2,0,1,0,0,0,1,0,0,1,0,0,0,0,0,0.7071111109999999
8,0.8,4.6,,960,0,0,0,0,8,3,1,0,0,0,0,1,0,0,0,0,0,0,0,1,0.930416667
8,0.8,25.9,1380,3630,50,0,0,0,56.5,1,0,0,1,0,0,0,0,1,1,0,0,0,0,0,0.800162602
10,0.75,21.82,1674,6000,34,0,0,0,50,3,0,1,0,0,0,0,0,1,0,0,0,0,0,1,0.7506079999999999
3,0.7,22.52,1244,10260,63,0,0,0,57,1,0,0,0,1,0,0,0,1,0,0,0,1,0,0,0.750068049
10,0.7,22.52,1108,10080,63,0,0,0,56,1,0,0,1,0,0,0,0,1,0,0,0,0,1,0,0.750057359
8,0.35,15.09,1448,9360,23,0,0,0,52,1,0,0,0,1,0,0,0,1,0,1,0,0,0,0,0.34998951
8,0.75,29.4,792,4560,56,0,0,2,58,2,0,0,0,1,0,0,0,1,0,1,0,0,0,0,0.7504259259999999
10,0.8,3.94,,1260,0,0,0,0,8,1,0,1,0,0,0,0,1,0,0,0,0,0,0,1,0.332359307
6,0.8,25.9,1170,1920,50,0,0,0,56,1,1,0,0,0,0,0,0,1,0,0,0,1,0,0,0.8003819440000001
8,0.6,24.26,1196,6600,0,0,0,0,55,2,1,0,0,0,0,0,0,1,0,0,1,0,0,0,0.46682121200000004
3,0.7,29.4,1228,6960,30,0,0,2,58,2,0,0,0,1,0,0,0,1,1,0,0,0,0,0,0.7003620690000001
8,0.8,4.6,,2640,0,0,0,0,22,3,1,0,0,0,0,1,0,0,0,0,0,1,0,0,0.980984848
2,0.8,28.08,783,10050,63,0,0,0,58.5,1,0,1,0,0,0,0,0,1,0,0,0,1,0,0,0.8004972459999999
8,0.8,25.9,1209,10170,60,0,0,0,56.5,1,0,1,0,0,0,0,0,1,0,0,1,0,0,0,0.850136766
12,0.8,15.26,894,4080,50,0,0,0,34,2,0,1,0,0,0,0,0,1,0,0,0,1,0,0,0.8004019609999999
6,0.8,11.41,411,14640,50,0,0,0,30.5,1,0,1,0,0,0,0,0,1,0,0,0,1,0,0,0.800024932
4,0.7,23.69,544,13800,0,0,0,0,60,1,1,0,0,0,0,0,0,1,0,1,0,0,0,0,0.700134038
2,0.8,22.52,1233,6900,113,0,0,0,57.5,2,0,1,0,0,0,0,0,1,0,0,1,0,0,0,1.000018551
2,0.8,3.94,,1440,0,0,0,0,8,1,1,0,0,0,0,0,1,0,0,0,0,0,1,0,0.805909091
1,0.8,22.94,16882,7020,113,0,0,0,58.5,2,1,0,0,0,0,0,0,1,1,0,0,0,0,0,1.000602279
6,0.6,3.94,,1200,0,0,0,0,10,1,0,0,0,0,1,0,1,0,0,1,0,0,0,0,0.971866667
3,0.75,22.52,1299,6840,119,0,0,0,57,1,0,0,0,1,0,0,0,1,0,0,0,0,1,0,1.000230409
1,0.8,3.94,,1440,0,0,0,0,8,1,1,0,0,0,0,0,1,0,0,0,0,0,1,0,0.936496212
3,0.8,29.4,797,1800,63,0,0,0,57,3,1,0,0,0,0,0,0,1,0,0,0,1,0,0,0.800534979
3,0.7,30.1,247,6960,50,0,0,1,58,2,0,0,1,0,0,0,0,1,0,0,0,1,0,0,0.700603448
3,0.6,30.1,1361,6960,30,0,0,1,58,2,0,0,1,0,0,0,0,1,0,0,1,0,0,0,0.475718391
5,0.6,3.94,,0,2880,0,0,0,12,3,0,1,0,0,0,1,0,0,1,0,0,0,0,0,0.8643425929999999
6,0.75,18.79,912,3960,45,0,0,0,33,2,0,0,0,1,0,0,0,1,0,0,0,1,0,0,0.75065101
2,0.8,22.52,674,3660,63,0,0,0,57,2,0,1,0,0,0,0,0,1,0,1,0,0,0,0,0.80037492
3,0.65,30.1,1263,600,63,0,0,1,58,2,0,0,1,0,0,0,0,1,1,0,0,0,0,0,0.802243319
4,0.75,4.3,,6000,0,0,0,0,20,1,0,0,1,0,0,0,1,0,0,0,0,0,0,1,0.978525641
4,0.75,4.15,,2400,0,0,0,0,20,2,0,1,0,0,0,1,0,0,0,1,0,0,0,0,0.9029166670000001
11,0.75,10.05,677,3240,45,0,0,0,27,2,1,0,0,0,0,0,0,1,0,1,0,0,0,0,0.750027778
11,0.7,14.89,1484,10260,50,0,0,0,57,1,0,0,1,0,0,0,0,1,1,0,0,0,0,0,0.700170388
9,0.8,29.12,609,3240,50,0,0,0,58,2,0,1,0,0,0,0,0,1,0,0,0,0,0,1,0.8001441440000001
8,0.75,29.4,622,6240,56,0,0,0,57,3,1,0,0,0,0,0,0,1,0,0,1,0,0,0,0.75075
1,0.5,22.94,1492,10170,30,0,0,0,56.5,1,0,0,1,0,0,0,0,1,1,0,0,0,0,0,0.549969429
12,0.8,11.61,896,5670,50,0,0,0,31.5,1,0,1,0,0,0,0,0,1,0,0,1,0,0,0,0.8002467529999999
4,0.7,22.52,930,10260,63,0,0,0,57,1,0,0,1,0,0,0,0,1,1,0,0,0,0,0,0.750068049
7,0.8,2.9,,1440,0,0,0,0,8,1,0,1,0,0,0,0,1,0,0,0,0,0,1,0,0.670075758
7,0.8,48.84,624,10170,50,0,0,0,56.5,1,0,0,1,0,0,0,0,1,0,0,1,0,0,0,0.800128721
9,0.8,3.94,,2400,0,0,0,0,8,1,0,0,1,0,0,0,1,0,0,0,0,0,0,1,0.827147436
4,0.8,4.3,,1440,0,0,0,0,12,1,0,0,0,1,0,0,1,0,0,0,0,0,1,0,0.940625
6,0.8,2.9,,1440,0,0,0,0,12,2,0,0,1,0,0,1,0,0,0,0,0,0,0,1,0.9368611109999999
3,0.8,22.52,1112,6840,100,0,0,0,57,2,1,0,0,0,0,0,0,1,0,0,0,0,1,0,0.950185965
1,0.7,26.82,1772,6960,50,0,0,0,58,3,1,0,0,0,0,0,0,1,0,0,0,0,0,1,0.750651724
5,0.65,20.79,1141,8460,0,0,0,0,59,1,0,1,0,0,0,0,0,1,1,0,0,0,0,0,0.650040783
1,0.8,22.52,1485,6900,113,0,0,0,57.5,2,1,0,0,0,0,0,0,1,0,0,0,1,0,0,1.000018551
1,0.8,26.16,1383,10620,75,0,0,0,59,1,0,1,0,0,0,0,0,1,0,0,1,0,0,0,0.850502311
9,0.8,3.94,,960,0,0,0,0,8,2,0,1,0,0,0,1,0,0,1,0,0,0,0,0,0.697708333
9,0.75,29.12,8992,6960,55,0,0,0,58,2,1,0,0,0,0,0,0,1,1,0,0,0,0,0,0.7999632179999999
4,0.8,28.08,660,10440,63,0,0,0,58,1,0,1,0,0,0,0,0,1,0,1,0,0,0,0,0.8010282129999999
4,0.8,4.3,,1440,0,0,0,0,12,2,1,0,0,0,0,0,1,0,1,0,0,0,0,0,0.8092361109999999
5,0.8,30.1,680,7140,0,0,0,0,59,2,0,0,1,0,0,0,0,1,0,0,0,0,1,0,0.653431373
2,0.7,3.9,,1200,0,0,0,0,10,3,1,0,0,0,0,1,0,0,1,0,0,0,0,0,0.92885
2,0.8,22.52,1397,6840,113,0,0,0,57,1,0,0,0,0,1,0,0,1,0,1,0,0,0,0,1.000230409
6,0.75,18.79,52,3960,0,0,0,0,33,3,1,0,0,0,0,0,0,1,0,0,0,0,0,1,0.332146465
2,0.75,22.94,1636,10530,81,0,0,0,58.5,1,0,0,0,1,0,0,0,1,0,0,1,0,0,0,0.850223776
7,0.8,25.9,970,10170,60,0,0,0,56.5,1,0,1,0,0,0,0,0,1,0,1,0,0,0,0,0.850136766
3,0.75,3.94,,1620,0,0,0,0,9,1,0,0,0,1,0,0,1,0,0,0,1,0,0,0,0.961784512
5,0.65,26.82,1001,7080,26,0,0,1,59,3,0,1,0,0,0,0,0,1,0,0,0,0,1,0,0.6500440679999999
1,0.5,3.94,,3360,0,0,0,0,8,2,0,0,0,1,0,1,0,0,0,0,0,1,0,0,0.768847222
9,0.6,29.12,925,6660,23,0,0,0,58,1,0,0,0,1,0,0,0,1,0,1,0,0,0,0,0.600125217
2,0.75,22.94,1764,10260,55,0,0,0,57,1,0,0,0,1,0,0,0,1,1,0,0,0,0,0,0.800034024
10,0.8,3.94,,1200,0,0,0,0,10,1,0,0,0,1,0,0,1,0,0,0,0,0,0,1,0.840533333
6,0.75,2.9,,960,0,0,0,0,8,2,1,0,0,0,0,1,0,0,0,1,0,0,0,0,0.845833333
7,0.8,2.9,,1440,0,0,0,0,8,1,0,0,1,0,0,0,1,0,0,1,0,0,0,0,0.661837121
11,0.75,4.15,,1800,0,0,0,0,10,1,0,0,0,1,0,0,1,0,0,1,0,0,0,0,0.8960227270000001
10,0.8,22.52,21540,6720,88,0,0,0,56,2,1,0,0,0,0,0,0,1,1,0,0,0,0,0,0.900129762
5,0.7,4.15,,240,0,0,0,0,2,2,0,1,0,0,0,1,0,0,0,0,0,1,0,0,0.58
6,0.8,11.41,1028,4380,50,0,0,0,31,1,0,0,1,0,0,0,0,1,1,0,0,0,0,0,0.800358775
10,0.8,28.08,762,10530,38,0,0,0,58.5,1,0,1,0,0,0,0,0,1,0,0,1,0,0,0,0.8
1,0.6,3.94,,3360,0,0,0,0,8,3,1,0,0,0,0,1,0,0,0,0,1,0,0,0,0.448722222
1,0.8,22.52,1416,6840,113,0,0,0,57,2,0,1,0,0,0,0,0,1,0,1,0,0,0,0,1.000230409
2,0.8,3.94,,1440,0,0,0,0,8,1,0,1,0,0,0,0,1,0,0,0,0,0,1,0,0.805909091
4,0.7,26.82,1117,7080,50,0,0,0,59,3,1,0,0,0,0,0,0,1,0,0,0,1,0,0,0.750050847
7,0.6,22.52,1859,10260,23,0,0,0,57,1,0,0,0,1,0,0,0,1,0,0,0,1,0,0,0.60041361
12,0.8,4.6,,3780,0,0,0,0,9,3,1,0,0,0,0,1,0,0,0,0,0,0,1,0,0.636049383
7,0.8,25.9,1255,6780,50,0,0,0,56.5,1,1,0,0,0,0,0,0,1,1,0,0,0,0,0,0.8006843659999999
10,0.7,19.68,1119,5640,0,8,35,1,47,2,0,0,1,0,0,0,0,1,0,0,0,0,0,1,0.303574468
7,0.8,2.9,,1440,0,0,0,0,8,1,0,0,1,0,0,0,1,0,0,0,1,0,0,0,0.692045455
11,0.35,14.61,838,7200,23,0,0,0,55,1,0,1,0,0,0,0,0,1,0,0,0,0,0,1,0.35003125
8,0.7,4.15,,3000,0,0,0,0,25,2,1,0,0,0,0,1,0,0,0,0,0,0,0,1,0.915766667
10,0.75,28.08,1144,10530,69,0,0,0,58.5,1,1,0,0,0,0,0,0,1,0,0,0,0,0,1,0.8
2,0.8,3.94,,2160,0,0,0,0,18,2,0,1,0,0,0,1,0,0,0,0,0,0,0,1,0.912037037
1,0.8,3.94,,2160,0,0,0,0,8,1,0,1,0,0,0,0,1,0,0,1,0,0,0,0,0.985
4,0.75,30.1,912,7020,0,0,0,1,58,2,0,0,1,0,0,0,0,1,1,0,0,0,0,0,0.750356125
9,0.5,29.12,970,10440,30,0,0,0,58,1,0,0,0,1,0,0,0,1,0,0,0,1,0,0,0.500547544
2,0.7,3.9,,960,0,0,0,0,8,2,0,0,0,1,0,1,0,0,0,0,0,0,1,0,0.325
1,0.8,26.16,1092,10620,63,0,0,0,59,1,0,1,0,0,0,0,0,1,0,0,0,0,0,1,0.8001171029999999
1,0.75,3.94,,960,0,0,0,0,8,3,0,1,0,0,0,1,0,0,0,0,1,0,0,0,0.890604167
2,0.7,30.33,254,1800,0,0,0,0,58,3,1,0,0,0,0,0,0,1,0,0,1,0,0,0,0.683550607
12,0.75,15.26,1209,4200,45,0,0,0,35,1,0,0,0,0,1,0,0,1,0,1,0,0,0,0,0.750646667
6,0.8,30.4,338,3840,34,0,0,0,32,1,0,0,0,1,0,0,0,1,0,0,0,0,1,0,0.622828125
5,0.7,20.79,391,10440,0,0,0,0,58,1,0,0,1,0,0,0,0,1,0,0,0,1,0,0,0.700060345
6,0.75,18.79,640,2400,0,0,0,0,34,2,0,1,0,0,0,0,0,1,0,0,0,0,1,0,0.750797009
1,0.65,22.94,1595,10260,34,0,0,0,57,1,0,0,1,0,0,0,0,1,0,0,0,0,0,1,0.700029771
1,0.75,3.94,,2280,0,0,0,0,19,2,1,0,0,0,0,0,1,0,0,0,1,0,0,0,0.9504385959999999
1,0.75,22.94,1579,6960,81,0,0,0,58,1,0,0,0,0,1,0,0,1,0,0,0,1,0,0,0.8503620690000001
4,0.8,22.52,23122,5940,50,0,0,0,56.5,2,1,0,0,0,0,0,0,1,1,0,0,0,0,0,0.800393224
1,0.8,49.1,1381,10350,24,0,0,0,57.5,1,0,0,1,0,0,0,0,1,0,0,1,0,0,0,0.403242161
5,0.7,41.19,1052,10440,21,0,0,0,58,1,0,0,1,0,0,0,0,1,0,1,0,0,0,0,0.452012539
6,0.8,18.79,656,3480,38,0,0,0,34,2,0,1,0,0,0,0,0,1,0,0,0,0,0,1,0.800947475
8,0.7,30.1,507,5880,40,2,10,1,59,2,0,0,1,0,0,0,0,1,0,0,1,0,0,0,0.7005730990000001
6,0.75,18.79,899,3960,56,0,0,0,33,2,0,0,1,0,0,0,0,1,0,0,0,1,0,0,0.75065101
6,0.8,18.79,779,3960,0,0,0,0,33,2,0,1,0,0,0,0,0,1,0,0,0,1,0,0,0.688017677
7,0.65,3.94,,2160,0,0,0,0,12,1,0,0,0,1,0,0,1,0,0,1,0,0,0,0,0.8705808079999999
3,0.8,30.1,756,6960,63,0,0,1,58,3,0,1,0,0,0,0,0,1,0,0,0,0,1,0,0.800071839
5,0.7,20.79,965,7320,0,0,0,0,58,1,0,1,0,0,0,0,0,1,0,0,0,0,0,1,0.700095563
8,0.6,30.48,869,6720,0,0,0,1,56,3,0,1,0,0,0,0,0,1,0,0,1,0,0,0,0.600528571
10,0.8,22.52,1127,120,88,0,0,0,56,2,0,1,0,0,0,0,0,1,1,0,0,0,0,0,0.9008
6,0.75,2.9,,3360,0,0,0,0,8,2,0,0,0,1,0,1,0,0,0,1,0,0,0,0,0.271875
1,0.8,22.52,1534,6780,88,0,0,0,57,2,1,0,0,0,0,0,0,1,0,1,0,0,0,0,0.900135693
6,0.8,2.9,,960,0,0,0,0,8,2,0,0,1,0,0,1,0,0,0,0,1,0,0,0,0.604166667
7,0.75,4.6,,960,0,0,0,0,8,2,0,0,0,1,0,1,0,0,0,0,0,0,0,1,0.676666667
4,0.35,4.3,,2160,0,0,0,0,12,1,0,1,0,0,0,0,1,0,0,0,0,0,1,0,0.952020202
11,0.75,11.41,826,2820,0,0,0,2,58,2,0,0,0,1,0,0,0,1,1,0,0,0,0,0,0.7502939390000001
12,0.75,15.26,1436,4200,45,0,0,0,35,1,0,0,0,0,1,0,0,1,0,0,0,1,0,0,0.750646667
1,0.7,22.94,1745,10440,60,0,0,0,58,1,0,0,0,1,0,0,0,1,1,0,0,0,0,0,0.8000235109999999
2,0.8,5.13,,4800,0,0,0,0,20,2,0,0,0,1,0,1,0,0,0,0,1,0,0,0,0.8300625
9,0.8,3.94,,1800,0,0,0,0,10,1,0,0,1,0,0,0,1,0,0,0,0,0,1,0,0.72830303
2,0.75,16.1,971,5400,45,0,0,1,45,3,0,1,0,0,0,0,0,1,0,0,0,0,0,1,0.7501407409999999
1,0.75,3.94,,1800,0,0,0,0,15,1,0,0,0,0,1,0,1,0,0,1,0,0,0,0,0.971866667
3,0.75,19.87,1075,7080,45,0,0,0,56,1,0,1,0,0,0,0,0,1,0,1,0,0,0,0,0.7500983509999999
4,0.65,23.69,861,7200,0,0,0,0,60,1,1,0,0,0,0,0,0,1,0,0,0,1,0,0,0.52118
8,0.65,3.9,,0,960,0,0,0,8,3,0,1,0,0,0,1,0,0,1,0,0,0,0,0,0.2640625
6,0.35,2.9,,1800,0,0,0,0,15,1,0,0,0,1,0,0,1,0,0,0,0,0,0,1,0.977555556
3,0.75,19.87,944,6600,45,0,0,0,55,1,1,0,0,0,0,0,0,1,1,0,0,0,0,0,0.75024303
10,0.8,3.94,,1440,0,0,0,0,8,1,0,1,0,0,0,0,1,0,1,0,0,0,0,0,0.24625
9,0.75,18.79,895,6240,34,0,0,0,52,3,1,0,0,0,0,0,0,1,0,0,1,0,0,0,0.750395513
11,0.75,11.41,834,3480,0,0,0,2,58,2,0,0,0,1,0,0,0,1,0,0,1,0,0,0,0.672140805
10,0.8,50.48,381,6930,45,0,0,0,58.5,1,0,1,0,0,0,0,0,1,1,0,0,0,0,0,0.688557555
9,0.8,26.16,1381,3660,50,0,0,0,59,1,0,0,1,0,0,0,0,1,0,0,1,0,0,0,0.8000150090000001
7,0.8,4.6,,4200,0,0,0,0,10,3,1,0,0,0,0,1,0,0,0,0,0,0,1,0,0.999533333
9,0.8,3.94,,1800,0,0,0,0,10,1,0,0,1,0,0,0,1,0,0,0,1,0,0,0,0.582045455
1,0.75,28.08,681,6900,45,0,0,0,57.5,1,1,0,0,0,0,0,0,1,0,0,0,1,0,0,0.7504278259999999
5,0.7,21.98,413,9720,40,0,0,0,58,1,1,0,0,0,0,0,0,1,0,0,0,0,0,1,0.7004808309999999
8,0.65,3.9,,960,0,0,0,0,8,3,0,1,0,0,0,1,0,0,0,0,0,0,1,0,0.560625
7,0.75,30.1,627,6960,0,3.5,20,1,58,2,0,0,0,1,0,0,0,1,0,0,1,0,0,0,0.39354885100000003
10,0.8,22.52,1188,6720,90,0,0,0,56,2,1,0,0,0,0,0,0,1,0,0,0,0,1,0,0.999995238
6,0.7,18.79,766,2760,30,0,0,0,33,2,1,0,0,0,0,0,0,1,0,0,0,1,0,0,0.700079032
5,0.7,4.15,,3060,0,0,0,0,17,1,0,0,0,1,0,0,1,0,0,0,1,0,0,0,0.9737967909999999
9,0.8,26.16,1369,10620,63,0,0,0,59,1,0,0,1,0,0,0,0,1,0,0,0,1,0,0,0.8001171029999999
5,0.7,4.15,,2700,0,0,0,0,15,1,0,0,0,1,0,0,1,0,0,1,0,0,0,0,0.966666667
3,0.5,4.15,,960,0,0,0,0,8,2,0,0,1,0,0,1,0,0,1,0,0,0,0,0,0.864583333
5,0.6,21.98,666,6960,23,0,0,0,58,1,1,0,0,0,0,0,0,1,1,0,0,0,0,0,0.6000287360000001
10,0.7,21.82,1335,6000,30,0,0,0,50,3,0,1,0,0,0,0,0,1,0,0,1,0,0,0,0.700422
12,0.8,11.61,1159,2970,50,0,0,0,31.5,1,0,1,0,0,0,0,0,1,0,0,0,0,0,1,0.800313433
11,0.8,10.05,13,3240,34,0,0,0,54,2,0,1,0,0,0,0,0,1,0,0,0,0,1,0,0.750648148
11,0.5,11.41,1039,2280,0,0,0,2,55,2,0,1,0,0,0,0,0,1,0,0,0,1,0,0,0.50012336
5,0.7,30.1,773,7020,40,0,0,0,58,2,0,1,0,0,0,0,0,1,1,0,0,0,0,0,0.700618234
12,0.7,15.26,1462,4080,40,0,0,0,34,1,0,0,0,1,0,0,0,1,0,0,0,0,1,0,0.7001647059999999
9,0.8,26.16,399,10620,63,0,0,0,59,1,0,0,1,0,0,0,0,1,0,0,0,0,1,0,0.8001171029999999
1,0.75,3.94,,1920,0,0,0,0,8,3,0,1,0,0,0,1,0,0,0,0,0,0,0,1,0.812625
9,0.75,3.94,,960,0,0,0,0,8,2,1,0,0,0,0,0,1,0,1,0,0,0,0,0,0.994270833
6,0.75,2.9,,3360,0,0,0,0,8,3,1,0,0,0,0,1,0,0,0,0,0,0,1,0,0.309333333
2,0.7,3.9,,1200,0,0,0,0,10,3,0,1,0,0,0,1,0,0,0,0,1,0,0,0,0.884
9,0.75,18.79,1096,6240,34,0,0,0,52,3,1,0,0,0,0,0,0,1,0,0,0,0,1,0,0.750395513
11,0.75,10.05,668,2520,34,0,0,0,26,2,1,0,0,0,0,0,0,1,0,0,0,1,0,0,0.7504
10,0.7,22.52,1206,10080,75,0,0,0,56,1,0,0,1,0,0,0,0,1,0,0,0,0,0,1,0.800020563
1,0.8,3.94,,1440,0,0,0,0,8,1,0,0,1,0,0,0,1,0,0,1,0,0,0,0,0.8842613640000001
6,0.6,18.79,799,3960,23,0,0,0,33,1,0,0,0,0,1,0,0,1,0,1,0,0,0,0,0.600710606
8,0.65,24.26,1435,6600,0,0,0,0,55,2,1,0,0,0,0,0,0,1,1,0,0,0,0,0,0.260978788
12,0.8,15.26,1079,3720,38,0,0,0,34,2,0,0,1,0,0,0,0,1,1,0,0,0,0,0,0.800312375
8,0.6,3.9,,960,0,0,0,0,8,3,0,1,0,0,0,1,0,0,0,0,1,0,0,0,0.4509375
3,0.8,5.13,,2160,0,0,0,0,18,2,0,0,0,1,0,1,0,0,1,0,0,0,0,0,0.87115
10,0.65,18.22,741,0,0,8,35,1,49,2,0,0,1,0,0,0,0,1,0,0,0,0,1,0,0.302117347
10,0.8,22.52,1268,0,88,0,0,0,56,2,0,1,0,0,0,0,0,1,0,0,0,0,1,0,0.90063244
10,0.7,3.94,,4320,0,0,0,0,18,1,1,0,0,0,0,0,1,0,0,0,1,0,0,0,0.759228395
12,0.8,4.08,,1080,0,0,0,0,9,2,1,0,0,0,0,0,1,0,0,0,0,0,0,1,0.687555556
1,0.8,26.16,1073,10620,75,0,0,0,59,1,0,1,0,0,0,0,0,1,0,0,0,0,1,0,0.850502311
5,0.5,3.94,,960,0,0,0,0,8,3,0,1,0,0,0,1,0,0,0,0,1,0,0,0,0.857916667
11,0.7,25.31,946,5760,60,0,0,0,54,2,1,0,0,0,0,0,0,1,0,0,0,0,1,0,0.7005135659999999
12,0.8,15.26,961,4080,50,0,0,0,34,3,1,0,0,0,0,0,0,1,0,0,0,0,0,1,0.8004019609999999
9,0.8,3.94,,2400,0,0,0,0,10,2,0,0,0,1,0,1,0,0,0,0,1,0,0,0,0.753525
7,0.8,30.1,644,840,38,0,0,1,59,2,0,0,0,1,0,0,0,1,0,1,0,0,0,0,0.7999828529999999
5,0.65,4.15,,1440,0,0,0,0,8,1,0,1,0,0,0,0,1,0,0,0,0,0,1,0,0.8213541670000001
11,0.7,11.41,685,3360,30,0,0,2,56,2,0,0,1,0,0,0,0,1,0,0,0,0,0,1,0.8211125
6,0.8,11.41,887,5490,50,0,0,0,30.5,1,0,1,0,0,0,0,0,1,0,0,1,0,0,0,0.8003437659999999
7,0.8,2.9,,960,0,0,0,0,8,1,1,0,0,0,0,0,1,0,0,0,1,0,0,0,0.667604167
12,0.6,15.26,1245,6360,23,0,0,0,34,1,0,0,1,0,0,0,0,1,0,0,0,0,0,1,0.60017284
3,0.75,4.15,,1440,0,0,0,0,8,1,0,1,0,0,0,0,1,0,0,0,1,0,0,0,0.93532197
1,0.8,22.52,1500,6900,113,0,0,0,57.5,2,1,0,0,0,0,0,0,1,0,0,0,0,1,0,1.000018551
2,0.8,4.15,,960,0,0,0,0,8,1,1,0,0,0,0,0,1,0,0,1,0,0,0,0,0.782447917
6,0.8,11.61,910,4470,38,0,0,0,31.5,1,1,0,0,0,0,0,0,1,0,0,0,0,1,0,0.80007657
12,0.8,4.08,,1080,0,0,0,0,9,2,0,1,0,0,0,1,0,0,1,0,0,0,0,0,0.272
8,0.35,30.1,901,6960,0,0,0,1,58,2,0,1,0,0,0,0,0,1,1,0,0,0,0,0,0.350301724
6,0.8,11.61,955,6360,63,0,0,0,32,1,0,0,0,1,0,0,0,1,0,0,0,1,0,0,0.8001919890000001
8,0.7,29.4,1146,6840,40,0,0,2,57,2,0,0,0,1,0,0,0,1,0,0,1,0,0,0,0.700614035
12,0.8,15.26,1133,4080,38,0,0,0,34,2,0,0,1,0,0,0,0,1,0,0,0,0,1,0,0.8004019609999999
4,0.8,28.08,942,10530,75,0,0,0,58.5,1,0,1,0,0,0,0,0,1,0,0,0,1,0,0,0.8501818179999999
11,0.8,11.61,632,0,50,0,0,0,57,3,1,0,0,0,0,0,0,1,1,0,0,0,0,0,0.800309211
1,0.8,26.16,1187,10620,75,0,0,0,59,1,1,0,0,0,0,0,0,1,0,0,0,0,1,0,0.850502311
9,0.75,18.79,1228,6240,45,0,0,0,52,3,1,0,0,0,0,0,0,1,0,0,0,1,0,0,0.750395513
8,0.8,2.9,,1440,0,0,0,0,8,1,0,1,0,0,0,0,1,0,0,0,1,0,0,0,0.653598485
1,0.65,3.94,,3360,0,0,0,0,8,3,1,0,0,0,0,1,0,0,1,0,0,0,0,0,0.537919444
7,0.8,2.9,,1440,0,0,0,0,8,1,0,1,0,0,0,0,1,0,0,0,1,0,0,0,0.590435606
7,0.65,3.94,,1440,0,0,0,0,8,1,0,0,0,1,0,0,1,0,1,0,0,0,0,0,0.646306818
1,0.7,22.94,1384,12180,63,0,0,0,57,1,0,0,0,1,0,0,0,1,0,0,0,1,0,0,0.750162367
10,0.75,3.94,,1440,0,0,0,0,8,1,1,0,0,0,0,0,1,0,0,0,0,0,0,1,0.805909091
10,0.7,3.94,,1440,0,0,0,0,8,1,0,0,1,0,0,0,1,0,0,0,1,0,0,0,0.235795455
8,0.7,30.48,914,6840,30,0,0,1,57,3,0,1,0,0,0,0,0,1,0,0,0,0,0,1,0.7005052629999999
5,0.35,3.94,,2400,0,0,0,0,10,3,1,0,0,0,0,1,0,0,0,1,0,0,0,0,0.80575
12,0.8,4.6,,2160,0,0,0,0,9,3,0,1,0,0,0,1,0,0,0,0,0,0,0,1,0.922839506
11,0.7,20.55,9792,6480,60,0,0,0,54,2,1,0,0,0,0,0,0,1,1,0,0,0,0,0,0.700398148
10,0.75,2.9,,960,0,0,0,0,8,3,0,1,0,0,0,1,0,0,0,0,0,0,0,1,0.6283333329999999
9,0.8,2.9,,960,0,0,0,0,8,2,0,0,0,1,0,1,0,0,1,0,0,0,0,0,0.3715625
3,0.5,5.13,,1800,0,0,0,0,15,2,0,0,0,1,0,1,0,0,0,0,1,0,0,0,0.8721
3,0.8,19.87,857,9900,50,0,0,0,55,1,0,1,0,0,0,0,0,1,0,0,0,1,0,0,0.8002738290000001
2,0.4,15.28,157,5400,0,6.5,30,1,45,3,1,0,0,0,0,0,0,1,0,0,0,0,1,0,0.30277037
12,0.8,4.08,,1080,0,0,0,0,9,2,0,1,0,0,0,1,0,0,0,0,1,0,0,0,0.8915555559999999
10,0.8,3.94,,2400,0,0,0,0,20,2,0,0,0,1,0,1,0,0,1,0,0,0,0,0,0.9557916670000001
4,0.75,3.94,,960,0,0,0,0,8,3,0,1,0,0,0,1,0,0,0,0,0,0,1,0,0.881575
8,0.8,2.9,,1440,0,0,0,0,8,1,0,1,0,0,0,0,1,0,0,0,0,0,0,1,0.667329545
4,0.8,30.1,901,6480,50,0,0,1,59,2,0,0,0,1,0,0,0,1,0,0,0,0,1,0,0.800071839
1,0.6,22.53,708,5040,0,0,0,1,42,2,0,0,0,1,0,0,0,1,0,0,0,0,1,0,0.268214286
4,0.7,22.52,983,10260,63,0,0,0,57,1,0,0,1,0,0,0,0,1,0,0,0,0,1,0,0.750068049
12,0.8,15.26,1064,4080,63,0,0,0,34,3,0,1,0,0,0,0,0,1,0,0,1,0,0,0,0.8004019609999999
5,0.7,27.48,541,6960,24,0,0,1,58,3,1,0,0,0,0,0,0,1,0,1,0,0,0,0,0.408960345
3,0.75,22.52,1584,10260,69,0,0,0,57,1,0,0,0,1,0,0,0,1,1,0,0,0,0,0,0.80035194
3,0.8,3.94,,960,0,0,0,0,8,1,0,0,0,0,1,0,1,0,0,0,0,1,0,0,0.4925
5,0.6,20.79,1045,6960,88,0,0,0,58,1,0,0,0,1,0,0,0,1,0,0,0,0,0,1,0.800534483
2,0.8,51.02,1086,4260,27,0,0,0,57,1,0,1,0,0,0,0,0,1,0,0,0,0,0,1,0.311207464
5,0.65,4.15,,1440,0,0,0,0,8,1,0,1,0,0,0,0,1,0,1,0,0,0,0,0,0.809564394
12,0.6,4.08,,5400,0,0,0,0,9,1,0,0,0,1,0,0,1,0,0,0,0,1,0,0,0.327407407
6,0.8,2.9,,960,0,0,0,0,8,2,0,0,0,1,0,1,0,0,1,0,0,0,0,0,0.3715625
2,0.7,3.9,,0,1200,0,0,0,10,3,0,1,0,0,0,1,0,0,1,0,0,0,0,0,0.6825
7,0.7,24.26,1471,6960,0,0,0,0,58,2,1,0,0,0,0,0,0,1,0,0,0,0,0,1,0.7006120690000001
4,0.5,26.66,556,6960,23,0,0,2,58,2,0,0,0,1,0,0,0,1,0,1,0,0,0,0,0.500258046
11,0.35,11.41,434,3240,0,0,0,1,52,2,0,1,0,0,0,0,0,1,0,0,0,0,0,1,0.507903226
4,0.5,30.1,417,6360,23,0,0,1,53,2,1,0,0,0,0,0,0,1,0,0,0,1,0,0,0.500720126
2,0.7,16.1,928,4800,30,0,0,1,45,3,0,1,0,0,0,0,0,1,0,0,1,0,0,0,0.700106061
1,0.7,3.94,,1440,0,0,0,0,8,1,0,0,0,1,0,0,1,0,0,1,0,0,0,0,0.578314394
6,0.8,2.9,,960,0,0,0,0,8,2,0,0,1,0,0,1,0,0,1,0,0,0,0,0,0.773333333
8,0.7,29.4,1079,4560,40,0,0,2,58,2,0,0,0,1,0,0,0,1,0,0,0,0,1,0,0.7005185190000001
7,0.75,30.1,739,5640,45,0,0,1,59,2,0,0,0,1,0,0,0,1,0,0,0,0,1,0,0.7507273259999999
8,0.8,2.9,,960,0,0,0,0,8,1,1,0,0,0,0,0,1,0,0,1,0,0,0,0,0.6283333329999999
7,0.7,24.26,658,6960,0,270,45,0,58,2,1,0,0,0,0,0,0,1,0,1,0,0,0,0,0.662270115
4,0.8,4.3,,1440,0,0,0,0,12,2,1,0,0,0,0,0,1,0,0,0,0,0,1,0,0.5375
10,0.75,3.94,,8400,0,0,0,0,14,1,0,0,0,1,0,0,1,0,0,0,0,1,0,0,0.9407010579999999
12,0.75,15.26,1316,6120,40,0,0,0,34,1,0,0,0,1,0,0,0,1,0,1,0,0,0,0,0.750079323
4,0.65,22.52,872,10080,26,0,0,0,56,1,0,0,1,0,0,0,0,1,0,0,0,1,0,0,0.650130952
2,0.8,3.94,,1440,0,0,0,0,8,1,1,0,0,0,0,0,1,0,0,0,0,0,0,1,0.8133712120000001
5,0.7,20.4,1382,10440,50,0,0,0,58,1,0,0,0,1,0,0,0,1,0,1,0,0,0,0,0.7002507840000001
2,0.5,30.33,838,6720,0,0,0,1,56,2,0,0,1,0,0,0,0,1,0,0,0,0,1,0,0.361071429
1,0.7,22.94,1472,10260,75,0,0,0,57,1,0,0,0,1,0,0,0,1,0,1,0,0,0,0,0.800643806
8,0.7,4.15,,960,0,0,0,0,8,2,1,0,0,0,0,0,1,0,0,0,0,0,1,0,0.976979167
7,0.8,2.9,,1440,0,0,0,0,8,1,0,1,0,0,0,0,1,0,0,1,0,0,0,0,0.670075758
9,0.8,26.16,1227,7080,75,0,0,0,59,1,1,0,0,0,0,0,0,1,1,0,0,0,0,0,0.850569492
11,0.7,4.15,,1440,0,0,0,0,12,1,1,0,0,0,0,1,0,0,0,0,0,1,0,0,0.436326389
2,0.5,22.94,1044,9810,23,0,0,0,54.5,1,0,0,1,0,0,0,0,1,0,0,0,1,0,0,0.499998888
2,0.8,3.94,,2640,0,0,0,0,22,2,1,0,0,0,0,1,0,0,0,0,0,1,0,0,0.9999242420000001
8,0.65,3.94,,960,0,0,0,0,8,1,0,0,0,1,0,0,1,0,0,0,0,0,1,0,0.845458333
8,0.7,5.13,,960,0,0,0,0,8,2,0,0,0,1,0,1,0,0,1,0,0,0,0,0,0.930416667
6,0.8,11.61,1181,5760,63,0,0,0,32,1,0,0,0,1,0,0,0,1,0,0,1,0,0,0,0.8003863640000001
5,0.6,26.82,919,7080,23,0,0,1,59,3,0,1,0,0,0,0,0,1,1,0,0,0,0,0,0.6000406779999999
9,0.75,3.94,,240,0,0,0,0,2,1,0,0,0,0,1,0,1,0,0,1,0,0,0,0,0.971866667
9,0.65,18.79,2120,5520,0,0,0,1,51,2,0,0,1,0,0,0,0,1,0,0,0,0,1,0,0.650134
9,0.8,26.16,1232,10620,75,0,0,0,59,1,0,1,0,0,0,0,0,1,0,0,0,0,0,1,0.850502311
4,0.75,5.13,,960,0,0,0,0,8,2,0,0,1,0,0,1,0,0,0,0,0,0,0,1,0.734645833
6,0.8,11.61,1004,5670,50,0,0,0,31.5,1,0,1,0,0,0,0,0,1,0,0,0,0,1,0,0.8002467529999999
2,0.65,22.94,1025,10170,26,0,0,0,56.5,1,0,0,1,0,0,0,0,1,0,0,1,0,0,0,0.6502434970000001
2,0.8,28.08,776,10350,63,0,0,0,57.5,1,1,0,0,0,0,0,0,1,0,0,0,0,0,1,0.800594466
8,0.6,15.09,1519,360,23,0,0,0,52,1,0,0,0,1,0,0,0,1,1,0,0,0,0,0,0.600143365
11,0.75,10.05,629,3240,45,0,0,0,27,2,0,1,0,0,0,0,0,1,0,0,1,0,0,0,0.750027778
8,0.8,29.4,30,6840,0,0,0,0,57,3,1,0,0,0,0,0,0,1,0,0,0,0,0,1,0.433263158
6,0.8,2.9,,4320,0,0,0,0,18,2,0,0,1,0,0,1,0,0,0,0,0,1,0,0,0.785864198
1,0.8,3.94,,1200,0,0,0,0,10,2,1,0,0,0,0,0,1,0,0,0,0,0,1,0,0.99485
2,0.7,22.94,1363,10260,50,0,0,0,57,1,0,0,1,0,0,0,0,1,0,0,0,0,1,0,0.7500318979999999
4,0.75,22.52,727,10260,94,0,0,0,57,1,0,0,0,1,0,0,0,1,0,1,0,0,0,0,0.9003211059999999
5,0.65,20.4,1255,8280,35,0,0,0,58,1,0,0,1,0,0,0,0,1,1,0,0,0,0,0,0.650066445
8,0.65,30.48,953,6720,26,0,0,1,56,3,0,1,0,0,0,0,0,1,1,0,0,0,0,0,0.650421429
8,0.65,30.1,1193,7080,0,0,0,1,59,2,0,1,0,0,0,0,0,1,0,0,0,1,0,0,0.463403955
4,0.75,5.13,,1920,0,0,0,0,8,2,0,0,1,0,0,1,0,0,0,0,0,1,0,0,0.6840277779999999
7,0.75,30.1,553,2280,45,0,0,1,59,2,0,0,1,0,0,0,0,1,0,0,0,0,0,1,0.75053268
4,0.6,22.4,816,5100,23,0,0,0,57,1,0,1,0,0,0,0,0,1,0,0,0,0,0,1,0.6003696860000001
9,0.8,29.12,1263,2160,38,0,0,0,58,2,0,1,0,0,0,0,0,1,0,0,0,0,1,0,0.8008
2,0.7,30.33,577,2160,30,0,0,1,58,2,0,0,0,1,0,0,0,1,1,0,0,0,0,0,0.700623
7,0.5,30.48,1161,6600,0,0,0,1,55,3,0,1,0,0,0,0,0,1,1,0,0,0,0,0,0.5006109089999999
9,0.8,3.94,,960,0,0,0,0,8,2,0,0,1,0,0,1,0,0,0,0,0,0,1,0,0.586041667
12,0.8,15.26,1120,1440,50,0,0,0,34,2,0,0,1,0,0,0,0,1,0,0,1,0,0,0,0.8008063059999999
3,0.7,22.52,1134,8460,50,0,0,0,57,1,0,0,1,0,0,0,0,1,0,0,0,0,1,0,0.750037968
8,0.8,2.9,,1440,0,0,0,0,8,1,0,0,1,0,0,0,1,0,1,0,0,0,0,0,0.683806818
5,0.7,27.48,586,6960,40,0,0,0,58,3,1,0,0,0,0,0,0,1,0,0,0,0,0,1,0.7004241379999999
1,0.8,3.94,,1440,0,0,0,0,8,1,0,0,1,0,0,0,1,0,0,0,0,1,0,0,0.8842613640000001
6,0.75,18.79,1193,3960,45,0,0,0,33,3,1,0,0,0,0,0,0,1,0,0,1,0,0,0,0.75065101
9,0.8,3.94,,960,0,0,0,0,8,2,0,1,0,0,0,1,0,0,0,1,0,0,0,0,0.23804166699999998
11,0.8,11.41,455,3420,50,0,0,0,56,3,1,0,0,0,0,0,0,1,0,0,0,1,0,0,0.8007017540000001
10,0.75,2.9,,960,0,0,0,0,8,1,1,0,0,0,0,0,1,0,1,0,0,0,0,0,0.763375
5,0.75,30.1,664,7140,56,0,0,0,59,2,0,1,0,0,0,0,0,1,0,1,0,0,0,0,0.7503921570000001
2,0.8,3.94,,960,0,0,0,0,8,1,1,0,0,0,0,0,1,0,1,0,0,0,0,0,0.804416667
11,0.7,4.15,,1440,0,0,0,0,8,1,0,0,1,0,0,0,1,0,1,0,0,0,0,0,0.409545455
12,0.8,11.61,1037,7200,50,0,0,0,32,1,1,0,0,0,0,0,0,1,1,0,0,0,0,0,0.8002460109999999
2,0.7,22.94,1006,10170,38,0,0,0,56.5,1,0,0,1,0,0,0,0,1,1,0,0,0,0,0,0.750517565
4,0.7,3.94,,960,0,0,0,0,8,3,1,0,0,0,0,1,0,0,0,0,0,1,0,0,0.812625
7,0.8,25.9,1035,10170,38,0,0,0,56.5,1,1,0,0,0,0,0,0,1,0,0,0,0,1,0,0.800128721
8,0.6,29.4,179,0,23,5,30,2,58,2,0,0,1,0,0,0,0,1,0,0,0,0,1,0,0.600982906
7,0.7,24.26,1400,6720,0,0,0,0,56,2,1,0,0,0,0,0,0,1,0,0,1,0,0,0,0.411553571
1,0.8,22.52,1445,6840,113,0,0,0,57,2,0,0,1,0,0,0,0,1,0,0,0,0,1,0,1.000230409
11,0.8,11.41,471,3420,50,0,0,0,58,3,1,0,0,0,0,0,0,1,0,1,0,0,0,0,0.800034503
8,0.8,2.9,,1440,0,0,0,0,8,1,0,0,1,0,0,0,1,0,0,1,0,0,0,0,0.675568182
3,0.8,30.1,735,6960,63,0,0,1,58,3,0,1,0,0,0,0,0,1,0,0,0,0,0,1,0.800071839
1,0.8,26.16,1160,10620,75,0,0,0,59,1,0,0,1,0,0,0,0,1,0,0,0,1,0,0,0.850502311
7,0.7,3.94,,1200,0,0,0,0,10,1,0,0,0,0,1,0,1,0,0,1,0,0,0,0,0.971866667
10,0.8,3.94,,1200,0,0,0,0,10,1,0,0,0,0,1,0,1,0,0,0,0,1,0,0,0.85695
7,0.6,30.1,829,3360,23,0,0,1,58,2,0,1,0,0,0,0,0,1,0,0,0,0,0,1,0.6000705129999999
6,0.7,23.41,1128,4560,40,0,0,1,38,3,0,1,0,0,0,0,0,1,0,0,0,0,0,1,0.7002464909999999
2,0.8,28.08,716,10350,50,0,0,0,57.5,1,1,0,0,0,0,0,0,1,0,0,0,0,1,0,0.800594466
9,0.8,3.94,,960,0,0,0,0,8,1,1,0,0,0,0,0,1,0,0,0,1,0,0,0,0.9316458329999999
3,0.75,29.4,1244,6840,45,0,0,2,57,2,0,0,0,1,0,0,0,1,0,0,0,1,0,0,0.750473684
11,0.65,11.41,700,2640,23,0,0,2,53,2,0,0,1,0,0,0,0,1,0,0,1,0,0,0,0.650223718
1,0.8,22.52,265,3840,63,0,0,0,57,2,0,0,1,0,0,0,0,1,0,0,0,1,0,0,0.8004705129999999
6,0.8,2.9,,960,0,0,0,0,8,2,0,0,0,1,0,1,0,0,0,0,1,0,0,0,0.8319375
2,0.8,22.52,1512,0,88,0,0,0,57,2,0,1,0,0,0,0,0,1,0,0,0,0,1,0,0.8999840579999999
10,0.7,21.82,1313,5040,30,0,0,0,51,3,1,0,0,0,0,0,0,1,0,0,0,0,1,0,0.699984417
11,0.8,4.15,,2700,0,0,0,0,15,1,1,0,0,0,0,0,1,0,0,0,0,0,1,0,0.888686869
7,0.8,30.1,786,7080,50,0,0,2,59,2,0,0,0,1,0,0,0,1,0,0,0,0,0,1,0.8001158190000001
2,0.8,3.94,,3000,0,0,0,0,25,2,1,0,0,0,0,1,0,0,0,1,0,0,0,0,1.050666667
8,0.7,4.6,,960,0,0,0,0,8,2,0,0,0,1,0,1,0,0,0,0,0,0,1,0,0.791458333
6,0.75,18.79,895,3960,0,0,0,0,33,2,0,0,1,0,0,0,0,1,1,0,0,0,0,0,0.75065101
9,0.6,18.79,2103,5400,0,0,0,1,54,2,0,0,1,0,0,0,0,1,1,0,0,0,0,0,0.329964879
2,0.8,28.08,757,6900,50,0,0,0,57.5,1,1,0,0,0,0,0,0,1,1,0,0,0,0,0,0.800076522
2,0.7,3.94,,5100,0,0,0,0,17,1,0,0,1,0,0,0,1,0,0,0,0,0,0,1,0.912202112
7,0.8,30.1,29,7080,50,0,0,0,59,3,1,0,0,0,0,0,0,1,0,0,0,0,1,0,0.8001158190000001
10,0.7,21.82,1591,3240,0,0,0,1,52,2,0,0,0,1,0,0,0,1,0,0,0,1,0,0,0.700251773
8,0.8,25.9,1434,10170,50,0,0,0,56.5,1,0,0,1,0,0,0,0,1,0,0,0,0,1,0,0.800128721
7,0.8,2.9,,1440,0,0,0,0,8,1,0,1,0,0,0,0,1,0,0,0,0,1,0,0,0.681060606
5,0.7,3.94,,240,0,0,0,0,2,1,0,0,0,0,1,0,1,0,0,1,0,0,0,0,0.971866667
4,0.8,28.08,878,4260,50,0,0,0,55.5,1,1,0,0,0,0,0,0,1,0,0,1,0,0,0,0.800598058
7,0.7,30.1,881,7080,0,0,0,1,59,2,0,0,1,0,0,0,0,1,0,0,1,0,0,0,0.700632768
1,0.7,3.94,,1800,0,0,0,0,10,1,0,0,0,1,0,0,1,0,1,0,0,0,0,0,0.9103787879999999
7,0.7,24.26,2698,6720,0,0,0,0,56,2,1,0,0,0,0,0,0,1,1,0,0,0,0,0,0.295307738
1,0.8,3.94,,1440,0,0,0,0,8,1,1,0,0,0,0,0,1,0,0,0,0,0,0,1,0.951420455
11,0.8,11.61,347,0,50,4,20,0,57,3,1,0,0,0,0,0,0,1,0,0,1,0,0,0,0.6824330359999999
6,0.8,18.79,822,4080,0,0,0,0,34,2,0,1,0,0,0,0,0,1,0,1,0,0,0,0,0.557252451
9,0.8,3.94,,1440,0,0,0,0,8,1,0,1,0,0,0,0,1,0,0,0,1,0,0,0,0.8581439390000001
2,0.8,22.52,1186,6900,113,0,0,0,58,2,1,0,0,0,0,0,0,1,0,1,0,0,0,0,1.000018551
6,0.5,18.79,717,3960,23,0,0,0,33,1,0,0,0,0,1,0,0,1,0,0,0,1,0,0,0.500117677
2,0.8,3.94,,1440,0,0,0,0,8,1,0,1,0,0,0,0,1,0,0,0,1,0,0,0,0.8208333329999999
9,0.8,26.16,1196,10620,63,0,0,0,59,1,0,0,1,0,0,0,0,1,1,0,0,0,0,0,0.8001171029999999
10,0.7,21.82,1393,5640,30,0,0,0,52,3,1,0,0,0,0,0,0,1,0,0,1,0,0,0,0.700236601
12,0.8,5.13,,1080,0,0,0,0,9,2,0,0,1,0,0,1,0,0,0,0,0,0,1,0,0.9025
5,0.5,20.79,1455,6960,30,0,0,0,58,1,0,0,0,1,0,0,0,1,0,0,0,0,1,0,0.500035345
3,0.75,4.15,,1800,0,0,0,0,10,1,1,0,0,0,0,0,1,0,0,0,0,0,1,0,0.899166667
2,0.5,3.9,,960,0,0,0,0,8,3,1,0,0,0,0,1,0,0,0,0,0,0,0,1,0.5403125
3,0.8,4.15,,1800,0,0,0,0,10,1,0,1,0,0,0,0,1,0,1,0,0,0,0,0,0.905454545
5,0.7,4.15,,3840,0,0,0,0,8,1,0,1,0,0,0,0,1,0,0,0,0,1,0,0,0.8213541670000001
12,0.8,4.6,,3780,0,0,0,0,9,2,0,0,0,1,0,1,0,0,0,1,0,0,0,0,0.590617284
11,0.75,42.97,532,10260,40,0,0,0,57,1,0,0,0,1,0,0,0,1,0,0,1,0,0,0,0.59114168
6,0.6,2.9,,960,0,0,0,0,8,3,0,1,0,0,0,1,0,0,0,0,1,0,0,0,0.271875
3,0.8,30.1,964,5160,50,0,0,1,58,3,0,1,0,0,0,0,0,1,1,0,0,0,0,0,0.800842424
3,0.5,5.13,,2880,0,0,0,0,12,2,0,0,1,0,0,1,0,0,0,0,0,1,0,0,0.81640625
4,0.7,4.3,,5040,0,0,0,0,28,1,0,0,1,0,0,0,1,0,1,0,0,0,0,0,0.977272727
12,0.8,15.26,1194,1700,62,0,0,0,34,2,0,0,0,1,0,0,0,1,0,1,0,0,0,0,0.800260821
1,0.8,22.52,1374,3960,63,0,0,0,57,2,0,0,1,0,0,0,0,1,0,0,0,0,0,1,0.800279693
7,0.8,25.9,1138,6720,38,0,0,0,56,1,1,0,0,0,0,0,0,1,0,1,0,0,0,0,0.800125
12,0.8,15.26,12261,3600,63,0,0,0,35,2,1,0,0,0,0,0,0,1,1,0,0,0,0,0,0.8004019609999999
1,0.8,28.08,772,6300,50,0,0,0,56.5,1,1,0,0,0,0,0,0,1,0,1,0,0,0,0,0.800725314
8,0.7,24.26,1363,6660,0,0,0,0,55.5,2,1,0,0,0,0,0,0,1,0,0,0,0,1,0,0.586465465
3,0.75,29.4,1144,4440,45,0,0,2,57,2,0,0,0,1,0,0,0,1,0,1,0,0,0,0,0.750716981
4,0.6,26.66,692,6840,23,0,0,0,57,3,1,0,0,0,0,0,0,1,0,0,1,0,0,0,0.6002397660000001
5,0.8,30.1,541,7140,38,0,0,0,59,2,0,0,0,1,0,0,0,1,1,0,0,0,0,0,0.800137255
9,0.75,3.94,,1320,0,0,0,0,11,2,1,0,0,0,0,0,1,0,0,0,0,0,1,0,0.919954545
5,0.5,27.48,609,6840,30,0,0,1,57,2,0,0,0,1,0,0,0,1,0,1,0,0,0,0,0.550403509
4,0.75,3.94,,0,960,0,0,0,8,3,0,1,0,0,0,1,0,0,1,0,0,0,0,0,0.7953875
2,0.75,19.87,944,6600,45,0,0,0,55,1,1,0,0,0,0,0,0,1,0,1,0,0,0,0,0.75024303
12,0.8,15.26,1094,4080,38,0,0,0,34,2,1,0,0,0,0,0,0,1,0,0,0,0,0,1,0.8004019609999999
3,0.7,30.1,1422,6960,50,0,0,1,58,2,0,0,1,0,0,0,0,1,0,0,0,0,1,0,0.700603448
12,0.8,11.61,1063,5670,50,0,0,0,31.5,1,0,1,0,0,0,0,0,1,0,0,0,0,1,0,0.8002467529999999
1,0.8,3.94,,1920,0,0,0,0,8,1,1,0,0,0,0,0,1,0,1,0,0,0,0,0,0.961059028
1,0.8,22.94,1582,3060,113,0,0,0,58.5,2,1,0,0,0,0,0,0,1,0,0,1,0,0,0,1.000402055
1,0.75,3.94,,1200,0,0,0,0,10,1,0,0,0,0,1,0,1,0,0,0,0,1,0,0,0.853666667
2,0.8,22.52,1416,6840,113,0,0,0,57,1,0,0,0,0,1,0,0,1,0,0,0,1,0,0,1.000230409
2,0.8,22.52,12,6900,0,0,0,0,57.5,2,0,0,1,0,0,0,0,1,0,0,1,0,0,0,0.432122899
3,0.8,28.08,913,6540,50,0,0,0,54.5,1,1,0,0,0,0,0,0,1,0,1,0,0,0,0,0.8003229359999999
7,0.8,2.9,,1440,0,0,0,0,8,1,1,0,0,0,0,0,1,0,0,0,0,0,0,1,0.804640152
2,0.6,3.9,,960,0,0,0,0,8,3,1,0,0,0,0,1,0,0,0,0,0,1,0,0,0.950625
4,0.8,50.48,562,10440,0,0,0,0,58,1,0,1,0,0,0,0,0,1,0,0,1,0,0,0,0.473134796
10,0.75,22.52,1250,10080,55,0,0,0,56,1,0,0,0,1,0,0,0,1,1,0,0,0,0,0,0.800020563
7,0.7,4.15,,1440,0,0,0,0,12,2,0,1,0,0,0,1,0,0,0,0,1,0,0,0,0.928680556
5,0.65,4.15,,1440,0,0,0,0,8,1,0,0,1,0,0,0,1,0,0,0,0,1,0,0,0.8606534090000001
10,0.75,19.31,578,6480,45,0,0,0,54,1,1,0,0,0,0,0,0,1,0,0,0,1,0,0,0.712205247
6,0.75,18.79,947,2880,34,0,0,0,33,3,1,0,0,0,0,0,0,1,1,0,0,0,0,0,0.750797009
3,0.8,3.94,,960,0,0,0,0,8,1,0,0,0,0,1,0,1,0,0,1,0,0,0,0,0.971866667
4,0.75,26.82,1104,5880,65,0,0,0,59,3,0,1,0,0,0,0,0,1,0,0,0,0,1,0,0.850084211
8,0.7,29.4,1116,6240,0,0,0,2,57,2,0,0,1,0,0,0,0,1,0,0,0,1,0,0,0.7
8,0.8,2.9,,960,0,0,0,0,8,1,1,0,0,0,0,0,1,0,1,0,0,0,0,0,0.6645833329999999
10,0.7,21.25,1583,6000,0,0,0,1,50,2,0,0,0,1,0,0,0,1,1,0,0,0,0,0,0.417916667
7,0.8,30.1,834,1200,0,4,40,0,59,3,1,0,0,0,0,0,0,1,0,0,0,1,0,0,0.366053523
10,0.8,22.52,1116,6720,93,0,0,0,56,1,0,0,0,0,1,0,0,1,0,1,0,0,0,0,0.920236905
5,0.35,27.48,413,6840,38,0,0,1,57,2,0,0,0,1,0,0,0,1,0,0,0,1,0,0,0.44996491200000005
8,0.65,15.09,976,240,23,0,0,0,52,1,0,0,0,1,0,0,0,1,0,0,0,0,1,0,0.6503071429999999
2,0.75,3.9,,1920,0,0,0,0,8,3,0,1,0,0,0,1,0,0,0,0,0,0,0,1,0.8192708329999999
7,0.7,30.1,957,7200,0,0,0,1,60,2,0,1,0,0,0,0,0,1,0,1,0,0,0,0,0.602
12,0.75,15.26,1429,3600,45,0,0,0,35,1,0,0,0,1,0,0,0,1,0,0,0,0,0,1,0.7502833329999999
3,0.8,4.6,,0,1440,0,0,0,12,3,0,1,0,0,0,1,0,0,1,0,0,0,0,0,0.795416667
12,0.7,4.15,,1080,0,0,0,0,9,1,0,0,0,1,0,0,1,0,0,0,0,0,1,0,0.823555556
2,0.7,30.33,746,6840,0,0,0,1,57,2,0,0,0,1,0,0,0,1,0,0,1,0,0,0,0.7006052629999999
5,0.8,30.1,450,7140,50,0,0,0,60,2,0,0,0,1,0,0,0,1,0,0,0,0,1,0,0.800137255
10,0.8,3.94,,960,0,0,0,0,8,2,0,0,1,0,0,1,0,0,0,0,0,0,0,1,0.64025
1,0.8,26.16,1138,7080,63,0,0,0,59,1,1,0,0,0,0,0,0,1,1,0,0,0,0,0,0.8003186440000001
11,0.35,28.08,749,10260,23,0,0,0,57,1,0,0,0,1,0,0,0,1,1,0,0,0,0,0,0.350066986
11,0.8,31.83,568,9900,40,0,0,0,55,1,1,0,0,0,0,0,0,1,0,0,0,0,0,1,0.412119835
2,0.7,3.9,,960,0,0,0,0,8,3,0,1,0,0,0,1,0,0,0,0,0,0,1,0,0.741
10,0.8,3.94,,2400,0,0,0,0,10,2,0,0,1,0,0,1,0,0,0,0,0,1,0,0,0.7332777779999999
12,0.8,15.26,1103,4080,63,0,0,0,34,2,0,0,0,1,0,0,0,1,0,0,1,0,0,0,0.8004019609999999
6,0.8,11.41,887,5490,50,0,0,0,30.5,1,0,1,0,0,0,0,0,1,0,1,0,0,0,0,0.8003437659999999
6,0.75,2.9,,960,0,0,0,0,8,2,0,0,0,1,0,1,0,0,0,0,0,0,0,1,0.41083333299999997
5,0.8,30.1,450,5700,0,4.5,25,0,60,2,0,0,0,1,0,0,0,1,0,0,1,0,0,0,0.307501459
10,0.7,22.52,1002,10080,40,0,0,0,56,1,0,0,1,0,0,0,0,1,0,0,1,0,0,0,0.7000941559999999
5,0.7,4.15,,2400,0,0,0,0,8,1,0,0,1,0,0,0,1,0,0,0,0,0,0,1,0.758173077
10,0.7,21.82,1251,6000,30,0,0,0,50,3,1,0,0,0,0,0,0,1,0,1,0,0,0,0,0.700422
9,0.75,2.9,,960,0,0,0,0,8,3,1,0,0,0,0,1,0,0,0,0,0,1,0,0,0.453125
5,0.7,42.41,724,10260,0,0,0,0,57,1,0,1,0,0,0,0,0,1,0,0,0,1,0,0,0.23370547600000002
11,0.8,11.41,313,3420,50,0,0,0,58,3,0,1,0,0,0,0,0,1,0,0,1,0,0,0,0.800034503
12,0.8,15.26,959,4080,50,0,0,0,34,3,1,0,0,0,0,0,0,1,0,0,0,1,0,0,0.8004019609999999
5,0.8,30.1,461,0,0,0,0,0,59,2,0,0,1,0,0,0,0,1,1,0,0,0,0,0,0.800980392
2,0.8,22.52,1557,0,90,0,0,0,57.5,2,0,1,0,0,0,0,0,1,0,0,0,0,0,1,1.000344928
11,0.8,4.15,,1440,0,0,0,0,8,1,0,1,0,0,0,0,1,0,0,0,0,0,1,0,0.601278409
11,0.75,2.9,,5640,0,0,0,0,17,1,1,0,0,0,0,0,1,0,0,1,0,0,0,0,0.987880435
8,0.65,4.15,,960,0,0,0,0,8,1,0,0,0,1,0,0,1,0,0,0,0,0,0,1,0.553333333
7,0.7,3.94,,1200,0,0,0,0,10,2,1,0,0,0,0,1,0,0,0,1,0,0,0,0,0.715766667
12,0.8,4.6,,1080,0,0,0,0,9,3,0,1,0,0,0,1,0,0,0,0,0,0,1,0,0.92
11,0.8,11.41,338,3420,50,0,0,0,58,3,0,1,0,0,0,0,0,1,0,0,0,0,1,0,0.800034503
2,0.65,3.9,,1920,0,0,0,0,8,3,1,0,0,0,0,1,0,0,0,1,0,0,0,0,0.528125
1,0.35,26.66,1164,6600,23,0,0,2,55,2,0,0,0,1,0,0,0,1,0,0,0,1,0,0,0.378895152
9,0.8,26.16,1093,10620,75,0,0,0,59,1,0,1,0,0,0,0,0,1,1,0,0,0,0,0,0.850502311
12,0.8,15.26,1132,4080,63,0,0,0,34,3,0,1,0,0,0,0,0,1,1,0,0,0,0,0,0.8004019609999999
4,0.8,3.94,,12600,0,0,0,0,20,1,0,1,0,0,0,0,1,0,0,0,0,1,0,0,0.919905405
5,0.7,20.79,1297,10440,0,0,0,0,58,1,0,1,0,0,0,0,0,1,0,0,0,0,1,0,0.526810345
2,0.8,3.94,,2160,0,0,0,0,18,2,0,1,0,0,0,1,0,0,1,0,0,0,0,0,1.057962963
9,0.8,3.94,,960,0,0,0,0,8,2,0,1,0,0,0,1,0,0,0,0,0,1,0,0,0.656666667
5,0.7,30.1,687,7500,0,0,0,0,59,2,1,0,0,0,0,0,0,1,0,1,0,0,0,0,0.545657673
7,0.8,25.9,1150,10170,70,0,0,0,56.5,1,0,1,0,0,0,0,0,1,0,0,0,0,0,1,0.900144811
5,0.75,4.15,,240,0,0,0,0,2,2,0,0,1,0,0,1,0,0,0,0,1,0,0,0,0.760833333
12,0.8,15.26,1029,2040,50,0,0,0,35,2,1,0,0,0,0,0,0,1,0,0,0,0,1,0,0.800259023
8,0.65,4.15,,960,0,0,0,0,8,1,0,0,0,0,1,0,1,0,0,0,0,1,0,0,0.877552083
12,0.8,4.08,,1080,0,0,0,0,9,2,1,0,0,0,0,1,0,0,0,1,0,0,0,0,0.899111111
9,0.75,18.79,1085,6240,56,0,0,1,52,2,0,0,0,1,0,0,0,1,0,0,0,0,0,1,0.970816667
8,0.7,30.1,7,7080,27,2,10,2,59,2,0,0,1,0,0,0,0,1,1,0,0,0,0,0,0.621971751
9,0.8,3.94,,1440,0,0,0,0,8,1,1,0,0,0,0,0,1,0,0,0,0,0,1,0,0.8581439390000001
12,0.75,4.08,,1080,0,0,0,0,9,1,0,0,0,0,1,0,1,0,0,0,0,1,0,0,0.6346666670000001
7,0.8,4.6,,3360,0,0,0,0,8,3,1,0,0,0,0,1,0,0,0,0,1,0,0,0,0.350416667
10,0.6,22.52,1076,10170,23,0,0,0,56.5,1,0,0,1,0,0,0,0,1,0,0,0,1,0,0,0.600291767
4,0.75,5.13,,960,0,0,0,0,8,2,0,0,1,0,0,1,0,0,0,0,0,0,1,0,0.656666667
12,0.8,15.26,1065,4080,63,0,0,0,34,2,0,0,0,1,0,0,0,1,0,0,0,1,0,0,0.8004019609999999
4,0.75,4.3,,2160,0,0,0,0,12,1,0,0,0,1,0,0,1,0,1,0,0,0,0,0,0.963699495
5,0.65,4.15,,2700,0,0,0,0,15,1,0,0,1,0,0,0,1,0,0,1,0,0,0,0,0.98719697
3,0.5,22.52,1102,10170,30,0,0,0,56.5,1,0,0,1,0,0,0,0,1,0,0,0,1,0,0,0.660683293
8,0.7,30.48,923,6840,30,0,0,1,57,3,0,1,0,0,0,0,0,1,0,0,0,0,1,0,0.7005052629999999
4,0.75,26.82,1079,7020,65,0,0,0,58,3,0,1,0,0,0,0,0,1,1,0,0,0,0,0,0.850446154
12,0.8,15.26,1026,2880,63,0,0,0,34,2,0,1,0,0,0,0,0,1,0,0,1,0,0,0,0.8003552079999999
11,0.65,12.52,1004,9540,44,0,0,0,53,1,0,1,0,0,0,0,0,1,1,0,0,0,0,0,0.64998056
11,0.5,2.9,,960,0,0,0,0,8,1,0,0,0,1,0,0,1,0,0,0,0,0,0,1,0.259375
11,0.7,11.41,653,3480,30,0,0,2,58,2,0,0,1,0,0,0,0,1,0,0,0,1,0,0,0.7005404409999999
2,0.8,3.94,,1800,0,0,0,0,15,1,0,0,0,1,0,0,1,0,0,0,0,0,0,1,0.902222222
1,0.8,3.94,,1440,0,0,0,0,8,1,0,1,0,0,0,0,1,0,1,0,0,0,0,0,0.955151515
8,0.7,4.15,,960,0,0,0,0,8,2,0,0,1,0,0,1,0,0,0,0,1,0,0,0,0.605208333
8,0.35,4.15,,1440,0,0,0,0,12,2,0,1,0,0,0,1,0,0,0,0,0,0,0,1,0.994375
1,0.8,3.94,,1200,0,0,0,0,10,2,0,1,0,0,0,1,0,0,0,0,1,0,0,0,0.893066667
12,0.8,4.6,,1800,0,0,0,0,15,2,0,0,0,1,0,1,0,0,0,0,0,0,0,1,0.8995555559999999
4,0.8,4.3,,1440,0,0,0,0,12,2,1,0,0,0,0,0,1,0,0,0,1,0,0,0,0.8450694440000001
7,0.7,30.1,784,600,30,0,0,1,59,2,0,0,1,0,0,0,0,1,1,0,0,0,0,0,0.7004598890000001
11,0.75,4.15,,960,0,0,0,0,8,1,1,0,0,0,0,0,1,0,0,0,1,0,0,0,0.34583333299999997
6,0.8,11.61,1084,4950,38,0,0,0,31.5,1,0,0,1,0,0,0,0,1,0,0,0,1,0,0,0.80003139
9,0.8,3.94,,1800,0,0,0,0,10,1,0,0,1,0,0,0,1,0,1,0,0,0,0,0,0.964106061
12,0.8,4.6,,1080,0,0,0,0,9,3,0,1,0,0,0,1,0,0,0,0,1,0,0,0,0.945555556
2,0.8,22.52,1396,6900,113,0,0,0,57.5,2,1,0,0,0,0,0,0,1,0,0,1,0,0,0,1.0006713040000002
3,0.75,28.08,795,6900,45,0,0,0,57.5,1,1,0,0,0,0,0,0,1,0,0,0,1,0,0,0.753683478
7,0.65,22.52,1295,10170,26,0,0,0,56.5,1,0,0,0,1,0,0,0,1,0,1,0,0,0,0,0.650416734
10,0.75,3.94,,1440,0,0,0,0,8,1,1,0,0,0,0,0,1,0,0,0,0,0,1,0,0.8096401520000001
1,0.6,26.66,1578,6840,38,0,0,0,57,3,1,0,0,0,0,0,0,1,0,0,1,0,0,0,0.700019883
9,0.8,3.94,,1440,0,0,0,0,8,1,0,1,0,0,0,0,1,0,0,0,0,0,1,0,0.8581439390000001
2,0.8,3.94,,1440,0,0,0,0,8,1,0,1,0,0,0,0,1,0,1,0,0,0,0,0,0.880530303
4,0.7,3.94,,960,0,0,0,0,8,3,1,0,0,0,0,1,0,0,0,1,0,0,0,0,0.664875
4,0.8,22.52,340,5460,63,0,0,0,56.5,2,1,0,0,0,0,0,0,1,0,0,0,0,1,0,0.800434622
5,0.7,20.4,1404,10440,50,0,0,0,58,1,0,0,1,0,0,0,0,1,0,0,0,0,0,1,0.750344828
6,0.8,2.9,,900,0,0,0,0,5,1,0,0,1,0,0,0,1,0,0,1,0,0,0,0,0.465757576
10,0.7,2.9,,960,0,0,0,0,8,3,0,1,0,0,0,1,0,0,0,0,1,0,0,0,0.441041667
11,0.8,4.15,,1260,0,0,0,0,7,1,0,0,1,0,0,0,1,0,0,1,0,0,0,0,0.313852814
2,0.8,3.94,,1260,0,0,0,0,8,1,0,1,0,0,0,0,1,0,0,0,0,0,0,1,0.247316017
12,0.8,4.08,,1080,0,0,0,0,9,2,0,1,0,0,0,1,0,0,0,0,0,1,0,0,0.838666667
8,0.75,4.6,,3360,0,0,0,0,8,3,1,0,0,0,0,1,0,0,0,0,1,0,0,0,0.8136111109999999
4,0.75,4.3,,2160,0,0,0,0,12,1,0,0,0,1,0,0,1,0,0,1,0,0,0,0,0.651515152
6,0.75,2.9,,960,0,0,0,0,8,2,0,1,0,0,0,1,0,0,0,0,1,0,0,0,0.610208333
9,0.7,29.12,1170,6960,53,0,0,0,58,1,0,0,0,0,1,0,0,1,0,0,0,1,0,0,0.850170115
10,0.7,21.82,1576,6000,30,0,0,0,50,3,0,1,0,0,0,0,0,1,1,0,0,0,0,0,0.700422
7,0.8,25.9,1050,10170,60,0,0,0,56.5,1,0,1,0,0,0,0,0,1,0,0,0,1,0,0,0.850136766
5,0.7,3.94,,1440,0,0,0,0,12,3,0,1,0,0,0,1,0,0,0,0,0,0,0,1,0.75885
1,0.8,3.94,,1440,0,0,0,0,12,2,0,1,0,0,0,1,0,0,0,1,0,0,0,0,0.7962083329999999
8,0.5,30.1,1061,6960,30,0,0,1,58,2,0,1,0,0,0,0,0,1,0,0,0,0,1,0,0.39354885100000003
6,0.8,2.9,,1440,0,0,0,0,8,1,0,1,0,0,0,0,1,0,0,0,1,0,0,0,0.597348485
11,0.6,11.41,1039,2280,23,0,0,2,55,2,0,1,0,0,0,0,0,1,0,1,0,0,0,0,0.600447507
9,0.8,29.12,1073,6960,50,0,0,0,58,2,0,1,0,0,0,0,0,1,1,0,0,0,0,0,0.7999632179999999
2,0.8,22.52,1559,6840,90,0,0,0,57,1,0,0,0,1,0,0,0,1,0,0,0,0,0,1,1.000230409
8,0.7,5.13,,960,0,0,0,0,8,2,0,0,1,0,0,1,0,0,0,0,0,0,0,1,0.58
3,0.8,19.87,963,9900,50,0,0,0,55,1,1,0,0,0,0,0,0,1,0,0,0,0,1,0,0.8002738290000001
12,0.7,4.08,,1620,0,0,0,0,9,1,0,0,0,1,0,0,1,0,1,0,0,0,0,0,0.769292929
2,0.8,28.08,737,10530,63,0,0,0,58.5,1,0,1,0,0,0,0,0,1,1,0,0,0,0,0,0.8
10,0.5,22.4,947,3390,23,0,0,0,56.5,1,0,1,0,0,0,0,0,1,0,0,0,0,0,1,0.49998033399999997
1,0.8,3.94,,1200,0,0,0,0,10,2,1,0,0,0,0,1,0,0,0,1,0,0,0,0,0.870083333
10,0.8,3.94,,1200,0,0,0,0,10,2,1,0,0,0,0,0,1,0,0,0,1,0,0,0,0.8865
8,0.8,2.9,,2400,0,0,0,0,8,1,0,0,1,0,0,0,1,0,0,0,0,0,0,1,0.594871795
9,0.8,29.12,909,6960,50,0,0,0,58,2,0,1,0,0,0,0,0,1,0,0,1,0,0,0,0.7999632179999999
7,0.7,5.13,,960,0,0,0,0,8,2,0,0,0,1,0,1,0,0,1,0,0,0,0,0,0.35645833299999996
1,0.8,22.52,1615,6780,88,0,0,0,56.5,2,0,1,0,0,0,0,0,1,0,0,1,0,0,0,0.900135693
1,0.8,3.94,,1200,0,0,0,0,10,2,0,1,0,0,0,1,0,0,1,0,0,0,0,0,0.962016667
1,0.5,3.94,,3360,0,0,0,0,8,2,0,0,0,1,0,1,0,0,0,1,0,0,0,0,0.768847222
8,0.7,38.09,336,6240,0,0,0,0,52,1,0,0,0,1,0,0,0,1,0,0,0,0,0,1,0.46769326899999997
4,0.8,3.94,,3600,0,0,0,0,20,1,0,1,0,0,0,0,1,0,0,0,1,0,0,0,0.9256439390000001
2,0.8,3.94,,1440,0,0,0,0,8,1,0,1,0,0,0,0,1,0,0,1,0,0,0,0,0.8171022729999999
11,0.75,10.05,103,0,45,0,0,0,54,2,0,1,0,0,0,0,0,1,1,0,0,0,0,0,0.750648148
7,0.6,23.54,958,6600,0,0,0,0,55,1,0,0,0,1,0,0,0,1,0,0,0,0,0,1,0.285333333
11,0.8,2.9,,2400,0,0,0,0,10,3,0,1,0,0,0,1,0,0,0,0,0,0,0,1,0.874027778
8,0.8,25.9,1177,8970,60,0,0,0,56.5,1,0,0,1,0,0,0,0,1,0,0,0,1,0,0,0.8504156279999999
4,0.35,4.3,,2700,0,0,0,0,8,1,0,1,0,0,0,0,1,0,0,0,0,0,0,1,0.908080808
4,0.8,3.94,,6000,0,0,0,0,20,1,0,1,0,0,0,0,1,0,0,1,0,0,0,0,0.911589744
4,0.8,22.52,1106,6780,60,0,0,0,56.5,1,0,0,0,1,0,0,0,1,0,0,0,0,1,0,0.850312684
5,0.8,4.6,,7560,0,0,0,0,18,2,0,0,0,1,0,1,0,0,0,1,0,0,0,0,0.921604938
6,0.8,11.61,1072,5760,50,0,0,0,32,1,0,0,0,1,0,0,0,1,1,0,0,0,0,0,0.8003863640000001
11,0.8,11.61,1005,7080,50,0,0,0,29.5,1,1,0,0,0,0,0,0,1,0,1,0,0,0,0,0.8002372879999999
3,0.8,19.87,941,9900,0,0,0,0,55,1,0,1,0,0,0,0,0,1,1,0,0,0,0,0,0.8002738290000001
1,0.75,3.94,,0,960,0,0,0,8,3,0,1,0,0,0,1,0,0,1,0,0,0,0,0,0.794566667
11,0.65,3.94,,600,0,0,0,0,5,1,0,0,0,0,1,0,1,0,0,1,0,0,0,0,0.971866667
10,0.75,3.94,,3780,0,0,0,0,21,1,0,0,0,1,0,0,1,0,1,0,0,0,0,0,0.997792208
7,0.7,24.26,148,6960,0,0,0,0,58,2,0,1,0,0,0,0,0,1,0,0,1,0,0,0,0.35553448299999996
2,0.7,16.1,957,5400,40,0,0,1,45,3,0,1,0,0,0,0,0,1,0,0,0,0,1,0,0.700051852
5,0.65,27.48,544,6720,34,0,0,0,56,3,1,0,0,0,0,0,0,1,1,0,0,0,0,0,0.7009035709999999
6,0.75,2.9,,960,0,0,0,0,8,2,0,1,0,0,0,1,0,0,0,0,0,0,1,0,0.6283333329999999
6,0.8,11.61,916,5760,75,0,0,0,89,1,0,0,1,0,0,0,0,1,0,0,0,0,0,1,0.850410511
1,0.75,22.94,1871,6960,55,0,0,0,58,1,0,0,0,1,0,0,0,1,0,0,0,0,1,0,0.800263218
3,0.8,22.52,1063,6840,100,0,0,0,57,2,1,0,0,0,0,0,0,1,0,0,0,1,0,0,0.950185965
4,0.75,30.1,481,7140,0,0,0,1,59,2,0,1,0,0,0,0,0,1,0,1,0,0,0,0,0.7503921570000001
9,0.75,18.79,290,5040,45,0,0,0,52,3,0,1,0,0,0,0,0,1,0,0,0,0,0,1,0.750347333
10,0.8,22.52,1142,6720,88,0,0,0,56,2,1,0,0,0,0,0,0,1,0,1,0,0,0,0,0.900129762
7,0.8,4.6,,6000,0,0,0,0,25,3,1,0,0,0,0,1,0,0,0,1,0,0,0,0,0.825444444
10,0.7,4.15,,960,0,0,0,0,8,1,1,0,0,0,0,0,1,0,0,1,0,0,0,0,0.7018125
7,0.8,3.94,,960,0,0,0,0,8,1,1,0,0,0,0,0,1,0,1,0,0,0,0,0,0.676666667
3,0.8,4.6,,1800,0,0,0,0,15,3,1,0,0,0,0,1,0,0,0,0,0,1,0,0,0.810111111
2,0.7,30.33,408,1680,30,0,0,1,59,2,0,0,0,1,0,0,0,1,0,0,0,0,1,0,0.700623
9,0.6,3.94,,1440,0,0,0,0,8,1,0,0,0,1,0,0,1,0,0,1,0,0,0,0,0.261174242
8,0.8,2.9,,1620,0,0,0,0,9,1,0,0,0,1,0,0,1,0,0,1,0,0,0,0,0.910521886
8,0.8,2.9,,1440,0,0,0,0,8,1,0,0,1,0,0,0,1,0,0,0,0,0,1,0,0.639867424
1,0.75,26.82,1322,7140,65,0,0,0,59,3,0,1,0,0,0,0,0,1,1,0,0,0,0,0,0.8504268909999999
7,0.65,3.94,,2520,0,0,0,0,14,1,0,0,0,1,0,0,1,0,0,0,1,0,0,0,0.749188312
5,0.7,50.89,282,5880,56,0,0,0,59,1,0,0,0,0,1,0,0,1,0,1,0,0,0,0,0.656763743
2,0.75,3.94,,1440,0,0,0,0,8,1,0,0,0,1,0,0,1,0,0,1,0,0,0,0,0.578314394
12,0.8,4.08,,1080,0,0,0,0,9,2,0,1,0,0,0,1,0,0,0,0,0,0,0,1,1.02
9,0.75,18.79,1239,5640,45,0,0,0,52,3,0,1,0,0,0,0,0,1,0,0,1,0,0,0,0.750371895
6,0.6,2.9,,1200,0,0,0,0,10,2,1,0,0,0,0,0,1,0,0,0,1,0,0,0,0.314166667
8,0.8,26.16,1108,7080,98,0,0,0,59,1,1,0,0,0,0,0,0,1,0,0,0,1,0,0,0.940725424
9,0.8,3.94,,960,0,0,0,0,8,2,1,0,0,0,0,1,0,0,0,1,0,0,0,0,0.7715833329999999
4,0.35,4.3,,3240,0,0,0,0,18,1,0,1,0,0,0,0,1,0,1,0,0,0,0,0,0.942213805
12,0.8,11.61,548,15120,63,0,0,0,31.5,1,0,1,0,0,0,0,0,1,0,0,0,1,0,0,0.800107143
10,0.7,21.82,1334,5760,30,0,0,0,53,3,1,0,0,0,0,0,0,1,0,0,0,0,0,1,0.700058333
11,0.7,27.13,530,9540,37,0,0,0,53,1,0,1,0,0,0,0,0,1,0,0,0,0,1,0,0.582301029
6,0.8,11.41,1140,5490,63,0,0,0,30.5,1,0,0,1,0,0,0,0,1,0,0,1,0,0,0,0.8003437659999999
1,0.8,3.94,,1200,0,0,0,0,10,2,1,0,0,0,0,1,0,0,0,0,0,0,0,1,0.929183333
9,0.75,2.9,,1800,0,0,0,0,15,3,0,1,0,0,0,1,0,0,0,0,0,0,0,1,0.505888889
2,0.8,22.52,1263,6900,100,0,0,0,57.5,2,1,0,0,0,0,0,0,1,0,0,0,0,0,1,1.05028058
5,0.65,4.15,,1440,0,0,0,0,15,1,0,1,0,0,0,0,1,0,0,0,0,0,0,1,0.864583333
5,0.75,30.1,855,7020,45,0,0,0,58,2,0,1,0,0,0,0,0,1,0,0,0,0,1,0,0.750356125
1,0.8,3.94,,1440,0,0,0,0,8,1,0,1,0,0,0,0,1,0,0,0,0,1,0,0,0.9476893940000001
7,0.8,48.84,1040,10260,30,0,0,0,57,1,0,0,1,0,0,0,0,1,1,0,0,0,0,0,0.576460393
9,0.75,2.9,,960,0,0,0,0,8,2,0,0,0,1,0,1,0,0,0,1,0,0,0,0,0.4078125
11,0.75,19.31,513,6480,45,0,0,0,54,1,1,0,0,0,0,0,0,1,0,0,1,0,0,0,0.7503484570000001
4,0.7,22.52,882,10170,50,0,0,0,56.5,1,0,0,1,0,0,0,0,1,0,0,1,0,0,0,0.7005416999999999
7,0.7,3.94,,960,0,0,0,0,8,2,1,0,0,0,0,1,0,0,0,0,0,0,0,1,0.779791667
7,0.8,30.1,934,6960,0,3.5,15,0,58,3,1,0,0,0,0,0,0,1,0,0,1,0,0,0,0.579511494
3,0.8,4.6,,1440,0,0,0,0,12,2,0,0,0,1,0,1,0,0,0,0,0,0,1,0,0.8113888890000001
4,0.8,30.1,922,5820,63,0,0,1,59,2,0,0,0,1,0,0,0,1,0,0,1,0,0,0,0.80000295
5,0.7,20.4,1480,10440,40,0,0,0,58,1,0,0,0,1,0,0,0,1,0,0,0,1,0,0,0.7002507840000001
3,0.8,22.52,1124,6840,100,0,0,0,57,2,1,0,0,0,0,0,0,1,0,0,1,0,0,0,0.950185965
4,0.8,22.52,1444,6900,88,0,0,0,57.5,1,0,0,0,0,1,0,0,1,0,0,0,1,0,0,0.9008
1,0.8,26.16,1335,10620,63,0,0,0,59,1,0,1,0,0,0,0,0,1,0,1,0,0,0,0,0.8001171029999999
8,0.7,4.15,,960,0,0,0,0,8,2,0,1,0,0,0,1,0,0,0,1,0,0,0,0,0.725625
12,0.8,15.26,1095,4080,63,0,0,0,34,2,0,0,1,0,0,0,0,1,0,0,0,0,0,1,0.8004019609999999
10,0.7,21.25,1531,6000,0,0,0,1,50,2,0,0,0,1,0,0,0,1,0,0,1,0,0,0,0.456875
11,0.75,19.31,590,9900,45,0,0,0,55,1,1,0,0,0,0,0,0,1,0,0,0,0,1,0,0.7500578509999999
3,0.7,30.1,1041,8160,33,0,0,2,58,2,0,0,0,1,0,0,0,1,0,0,1,0,0,0,0.6265777779999999
2,0.8,22.52,1300,6780,113,0,0,0,56.5,2,1,0,0,0,0,0,0,1,0,0,0,1,0,0,1.0004460179999999
3,0.75,3.94,,1440,0,0,0,0,8,1,0,0,0,1,0,0,1,0,0,1,0,0,0,0,0.895454545
6,0.75,18.79,1003,3960,45,0,0,1,33,2,0,0,0,1,0,0,0,1,0,0,0,0,0,1,0.75065101
8,0.65,4.15,,960,0,0,0,0,8,2,1,0,0,0,0,0,1,0,0,0,1,0,0,0,1.0115625
10,0.8,22.52,1175,6720,60,0,0,0,56,1,0,0,0,1,0,0,0,1,0,0,0,0,0,1,0.850532143
3,0.8,30.1,1278,3360,50,0,0,1,57,3,0,1,0,0,0,0,0,1,0,0,1,0,0,0,0.8005110679999999
9,0.8,3.94,,960,0,0,0,0,8,2,0,1,0,0,0,1,0,0,0,0,0,0,0,1,0.54175
2,0.4,3.9,,6300,0,0,0,0,15,3,1,0,0,0,0,1,0,0,0,0,0,0,1,0,0.567377778
12,0.8,4.6,,1080,0,0,0,0,9,3,1,0,0,0,0,1,0,0,0,0,0,0,0,1,0.885925926
11,0.5,12.52,749,9540,38,0,0,0,53,1,0,1,0,0,0,0,0,1,0,1,0,0,0,0,0.673245283
2,0.8,5.13,,960,0,0,0,0,8,2,0,0,0,1,0,1,0,0,1,0,0,0,0,0,0.36871875
9,0.8,3.94,,1440,0,0,0,0,8,1,0,1,0,0,0,0,1,0,0,0,0,0,0,1,0.8581439390000001
11,0.8,11.41,601,0,50,0,0,0,56,3,1,0,0,0,0,0,0,1,0,0,0,0,1,0,0.8007017540000001
9,0.7,18.79,1068,3000,30,0,0,1,52,2,0,0,0,1,0,0,0,1,0,0,0,0,1,0,0.700256795
9,0.8,54.56,757,4140,29,0,0,0,58,1,0,0,1,0,0,0,0,1,0,0,0,0,0,1,0.520237649
9,0.75,2.9,,0,3600,0,0,0,15,3,0,1,0,0,0,1,0,0,1,0,0,0,0,0,0.841
10,0.7,21.82,1448,6120,40,0,0,1,51,2,0,0,0,1,0,0,0,1,0,1,0,0,0,0,0.700236601
3,0.75,29.4,1172,5340,45,0,0,2,60,2,0,0,0,1,0,0,0,1,0,0,0,0,1,0,0.7501769909999999
3,0.8,4.6,,6300,0,0,0,0,15,3,1,0,0,0,0,1,0,0,0,0,0,0,1,0,0.902962963
3,0.75,4.15,,1560,0,0,0,0,8,1,1,0,0,0,0,0,1,0,0,0,1,0,0,0,0.9913888890000001
6,0.7,2.9,,720,0,0,0,0,6,3,0,1,0,0,0,1,0,0,0,0,0,0,0,1,0.394722222
4,0.8,3.94,,3840,0,0,0,0,16,1,1,0,0,0,0,0,1,0,1,0,0,0,0,0,0.893663194
7,0.7,3.94,,1200,0,0,0,0,10,2,1,0,0,0,0,1,0,0,0,0,0,1,0,0,0.8471
2,0.8,3.94,,1440,0,0,0,0,8,1,0,1,0,0,0,0,1,0,0,0,0,1,0,0,0.8357575759999999
3,0.8,22.52,1060,6840,100,0,0,0,57,2,1,0,0,0,0,0,0,1,0,1,0,0,0,0,0.950185965
9,0.7,18.79,1587,4560,30,0,0,1,51,2,0,0,1,0,0,0,0,1,0,0,0,0,0,1,0.70009573
11,0.8,4.15,,900,0,0,0,0,5,1,0,1,0,0,0,0,1,0,0,0,0,1,0,0,0.5156060610000001
10,0.8,3.94,,960,0,0,0,0,8,2,0,0,0,1,0,1,0,0,0,0,1,0,0,0,0.385791667
8,0.8,25.9,1233,10170,60,0,0,0,56.5,1,0,1,0,0,0,0,0,1,1,0,0,0,0,0,0.850136766
11,0.7,14.89,1735,10260,50,0,0,0,57,1,0,0,1,0,0,0,0,1,0,0,0,0,0,1,0.700170388
11,0.7,11.41,680,2160,30,0,0,2,54,2,0,0,1,0,0,0,0,1,1,0,0,0,0,0,0.5659722220000001
4,0.7,4.15,,1800,0,0,0,0,15,2,0,1,0,0,0,1,0,0,0,0,0,1,0,0,1.096633333
9,0.8,29.12,829,6960,50,0,0,0,58,2,1,0,0,0,0,0,0,1,0,1,0,0,0,0,0.7999632179999999
3,0.8,22.52,813,0,88,0,0,0,57,2,0,1,0,0,0,0,0,1,0,0,0,0,1,0,0.90047076
10,0.75,22.52,1413,10080,69,0,0,0,56,1,0,0,0,1,0,0,0,1,0,0,1,0,0,0,0.800020563
9,0.8,29.12,14,6960,0,0,0,0,58,2,0,1,0,0,0,0,0,1,0,0,0,1,0,0,0.497885057
9,0.75,29.12,1070,6960,34,0,0,0,58,2,1,0,0,0,0,0,0,1,0,0,0,0,1,0,0.7505931029999999
4,0.8,30.1,891,7140,38,0,0,1,59,2,0,0,0,1,0,0,0,1,1,0,0,0,0,0,0.800137255
10,0.8,22.52,1088,6720,88,0,0,0,56,1,0,0,0,0,1,0,0,1,0,0,0,1,0,0,0.900129762
4,0.8,4.3,,1440,0,0,0,0,12,1,0,0,0,1,0,0,1,0,0,0,0,0,0,1,0.7226388890000001